Code,Item ,Group,Bags/Units Per Case,Price per case ($),DSD Price,Price per Unit ($),,Stores,,Date,Week,Month,Period,,Week,Days,,Store,Location
81659, 3150 - PROFITEROLES GLASS,Pointe Dairy,12,$52.56,$52.56,,,Long Beach,,1/1/2026,Week 01,01 Jan,Q1,,Week 01,Jan 01 - Jan 07,,Tampa,Florida
0026P,0026P - CHEESECAKE ALLE FRAGOLE ,Bindi,14,$39.34,$39.34,$2.81,,Santa Monica,,1/2/2026,Week 01,01 Jan,Q1,,Week 02,Jan 08 - Jan 14,,Lafayette,Washington DC
GG-7536,0026P - CHEESECAKE ALLE FRAGOLE ,Food Related,14,$37.44,$39.34,$2.67,,Fountain Valley,,1/3/2026,Week 01,01 Jan,Q1,,Week 03,Jan 15 - Jan 21,,Farragut,Washington DC
GG-7536 - NEW,0026P - CHEESECAKE ALLE FRAGOLE ,Food Related,14,$39.34,$39.34,$2.81,,San Jose,,1/4/2026,Week 01,01 Jan,Q1,,Week 04,Jan 22 - Jan 28,,West Palm Beach,Florida
CHEESECAKE ALLE FRAGOLE(PC 14),0026P - CHEESECAKE ALLE FRAGOLE ,French Bakery,14,$39.00,$39.34,$2.79,,Berkeley,,1/5/2026,Week 01,01 Jan,Q1,,Week 05,Jan 29 - Feb 04,,Fountain Valley,California
517291,0026P - CHEESECAKE ALLE FRAGOLE ,Greco,14,$38.99,$39.34,$2.79,,Denver,,1/6/2026,Week 01,01 Jan,Q1,,Week 06,Feb 05 - Feb 11,,Fountain Valley,California
80026,0026P - CHEESECAKE ALLE FRAGOLE ,Pointe Dairy,14,$39.34,$39.34,$2.81,,Tampa,,1/7/2026,Week 01,01 Jan,Q1,,Week 07,Feb 12 - Feb 18,,Berkeley,California
P- 0026P,0026P - CHEESECAKE ALLE FRAGOLE ,Primizie,14,$39.34,$39.34,$2.81,,Lafayette,,1/8/2026,Week 02,01 Jan,Q1,,Week 08,Feb 19 - Feb 25,,San Jose,California
26,0026P - CHEESECAKE ALLE FRAGOLE ,IGF,14,$39.34,$39.34,$2.81,,Farragut,,1/9/2026,Week 02,01 Jan,Q1,,Week 09,Feb 26 - Mar 03,,Long Beach,California
83300,0029P - TRADITIONAL NEW YORK CHEESECAKE,Pointe Dairy,14,$32.21,$32.21,$2.30,,West Palm Beach,,1/10/2026,Week 02,01 Jan,Q1,,Week 10,Mar 04 - Mar 10,,Corporate,Corporate
CHOCOLATE FONDANT (PC 16),0040P - CHOCOLATE FONDANT ,French Bakery,16,$50.12,$48.97,$3.13,,Corporate,,1/11/2026,Week 02,01 Jan,Q1,,Week 11,Mar 11 - Mar 17,,Detroit,Michigan 
P- 0040P,0040P - CHOCOLATE FONDANT ,Primizie,16,$48.97,$48.97,$3.06,,Detroit,,1/12/2026,Week 02,01 Jan,Q1,,Week 12,Mar 18 - Mar 24,,Denver,Colorado
0040P,0040P - CHOCOLATE FONDANT ,Bindi,16,$48.97,$48.97,$3.06,,Edinburg,,1/13/2026,Week 02,01 Jan,Q1,,Week 13,Mar 25 - Mar 31,,Edinburg,Texas
0042P,0042P - CARROT CAKE,Bindi,16,$48.10,$48.10,$3.01,,Cooper City,,1/14/2026,Week 02,01 Jan,Q1,,Week 14,Apr 01 - Apr 07,,Cooper City,Florida
GG-7524,0042P - CARROT CAKE,Food Related,16,$45.77,$48.10,$2.86,,Westerville,,1/15/2026,Week 03,01 Jan,Q1,,Week 15,Apr 08 - Apr 14,,Westerville,Ohio
CARROT CAKE (PC 16),0042P - CARROT CAKE,French Bakery,16,$49.29,$48.10,$3.08,,St Pete,,1/16/2026,Week 03,01 Jan,Q1,,Week 16,Apr 15 - Apr 21,,St Pete,Florida
517046,0042P - CARROT CAKE,Greco,16,$45.99,$48.10,$2.87,,,,,,,,,,,,,
P- 1213.86,0042P - CARROT CAKE,Primizie,16,$47.48,$48.10,$2.97,,Meijer 169,,1/17/2026,Week 03,01 Jan,Q1,,Week 17,Apr 22 - Apr 28,,Meijer 169,Illinois
GG-7524-NEW,0042P - CARROT CAKE,Food Related,16,$50.18,$48.10,$3.14,,Meijer 215,,1/18/2026,Week 03,01 Jan,Q1,,Week 18,Apr 29 - May 05,,Meijer 215,Illinois
GG-7524-4/06,0042P - CARROT CAKE,Food Related,16,$48.10,$48.10,$3.01,,Dearborn,,1/19/2026,Week 03,01 Jan,Q1,,Week 19,May 06 - May 12,,Dearborn,Michigan 
80777,0042P - CARROT CAKE,Pointe Dairy,16,$48.10,$48.10,$3.01,,San Antonio,,1/20/2026,Week 03,01 Jan,Q1,,Week 20,May 13 - May 19,,San Antonio,Texas
GG-7531,0043P - CHOCOLATE GANACHE CHEESECAKE,Food Related,16,$42.22,$42.22,$2.64,,Grand Praire,,1/21/2026,Week 03,01 Jan,Q1,,Week 21,May 20 - May 26,,Grand Praire,Texas
CHOC. GANACHE CHEESECAKE(PC16),0043P - CHOCOLATE GANACHE CHEESECAKE,French Bakery,16,$39.00,$42.22,$2.44,,Meijer 215,,1/22/2026,Week 04,01 Jan,Q1,,Week 22,May 27 - Jun 02,,Meijer 182,Illinois
P- 0043P,0043P - CHOCOLATE GANACHE CHEESECAKE,Primizie,16,$42.22,$42.22,$2.64,,Meijer 169,,1/23/2026,Week 04,01 Jan,Q1,,Week 23,Jun 03 - Jun 09,,Meijer 183,Illinois
0043P,0043P - CHOCOLATE GANACHE CHEESECAKE,Bindi,16,$42.22,$42.22,$2.64,,Meijer 182,,1/24/2026,Week 04,01 Jan,Q1,,Week 24,Jun 10 - Jun 16,,Orland Park,Illinois
103,0103 - CHOCOLATE TEMPTATION PRECUT,Bindi,12,$44.80,$44.80,$3.73,,Meijer 183,,1/25/2026,Week 04,01 Jan,Q1,,Week 25,Jun 17 - Jun 23,,,
GG-7373,0103 - CHOCOLATE TEMPTATION PRECUT,Food Related,12,$42.26,$44.80,$3.52,,Orland Park,,1/26/2026,Week 04,01 Jan,Q1,,Week 26,Jun 24 - Jun 30,,,
T&S CHOCOLATE TEMPTATION (PC12),0103 - CHOCOLATE TEMPTATION PRECUT,French Bakery,12,$40.95,$44.80,$3.41,,,,1/27/2026,Week 04,01 Jan,Q1,,Week 27,Jul 01 - Jul 07,,,
517515,0103 - CHOCOLATE TEMPTATION PRECUT,Greco,12,$42.99,$44.80,$3.58,,,,1/28/2026,Week 04,01 Jan,Q1,,Week 28,Jul 08 - Jul 14,,,
80103,0103 - CHOCOLATE TEMPTATION PRECUT,Pointe Dairy,12,$44.80,$44.80,$3.73,,,,1/29/2026,Week 05,01 Jan,Q1,,Week 29,Jul 15 - Jul 21,,,
P- 103,0103 - CHOCOLATE TEMPTATION PRECUT,Primizie,12,$44.80,$44.80,$3.73,,,,1/30/2026,Week 05,01 Jan,Q1,,Week 30,Jul 22 - Jul 28,,,
GG-7373-NEW,0103 - CHOCOLATE TEMPTATION PRECUT,Food Related,12,$53.98,$44.80,$4.50,,,,1/31/2026,Week 05,01 Jan,Q1,,Week 31,Jul 29 - Aug 04,,,
GG-7373-4/06/26,0103 - CHOCOLATE TEMPTATION PRECUT,Food Related,12,$44.80,$44.80,$3.73,,,,2/1/2026,Week 05,02 Feb,Q1,,Week 32,Aug 05 - Aug 11,,,
146,0146 - RICOTTA AND PISTACHIO CAKE PRECUT,Bindi,12,$40.93,$40.93,$3.41,,,,2/2/2026,Week 05,02 Feb,Q1,,Week 33,Aug 12 - Aug 18,,,
GG-7370,0146 - RICOTTA AND PISTACHIO CAKE PRECUT,Food Related,16,$41.51,$40.93,$2.59,,,,2/3/2026,Week 05,02 Feb,Q1,,Week 34,Aug 19 - Aug 25,,,
T&S RICOTTA& PISTACHIO CAKE (12 PC),0146 - RICOTTA AND PISTACHIO CAKE PRECUT,French Bakery,12,$40.95,$40.93,$3.41,,,,2/4/2026,Week 05,02 Feb,Q1,,Week 35,Aug 26 - Sep 01,,,
GG-7370-NEW,0146 - RICOTTA AND PISTACHIO CAKE PRECUT,Food Related,16,$47.95,$40.93,$3.00,,,,2/5/2026,Week 06,02 Feb,Q1,,Week 36,Sep 02 - Sep 08,,,
GG-7370-4/06/26,0146 - RICOTTA AND PISTACHIO CAKE PRECUT,Food Related,16,$40.93,$40.93,$2.56,,,,2/6/2026,Week 06,02 Feb,Q1,,Week 37,Sep 09 - Sep 15,,,
80504,0504 - MINI BOMBOLONI CACAO NOCCIOLA,Pointe Dairy,104,$63.64,$63.64,,,,,2/7/2026,Week 06,02 Feb,Q1,,Week 38,Sep 16 - Sep 22,,,
GG-7549,0602 - MINI PAIN AU CHOCOLAT ,Food Related,150,$86.70,$86.70,$0.58,,,,2/8/2026,Week 06,02 Feb,Q1,,Week 39,Sep 23 - Sep 29,,,
MINI BINDI PAIN AU CHOCOLAT (150/cs),0602 - MINI PAIN AU CHOCOLAT ,French Bakery,150,$79.80,$86.70,$0.53,,,,2/9/2026,Week 06,02 Feb,Q1,,Week 40,Sep 30 - Oct 06,,,
517219,0602 - MINI PAIN AU CHOCOLAT ,Greco,150,$80.55,$86.70,$0.54,,,,2/10/2026,Week 06,02 Feb,Q1,,Week 41,Oct 07 - Oct 13,,,
GG-7549-3/26,0602 - MINI PAIN AU CHOCOLAT ,Food Related,150,$81.88,$86.70,$0.55,,,,2/11/2026,Week 06,02 Feb,Q1,,Week 42,Oct 14 - Oct 20,,,
GG-7549- 4/06,0602 - MINI PAIN AU CHOCOLAT ,Food Related,150,$86.70,$86.70,$0.58,,,,2/12/2026,Week 07,02 Feb,Q1,,Week 43,Oct 21 - Oct 27,,,
GG-7366,0650 - CREME BRULEE - IN RAMEKIN,Food Related,8,$53.95,$41.72,$6.74,,,,2/13/2026,Week 07,02 Feb,Q1,,Week 44,Oct 28 - Nov 03,,,
713,0713 - RASPBERRY PASSION FRUIT CAKE,Bindi,12,$41.75,$41.75,$3.48,,,,2/14/2026,Week 07,02 Feb,Q1,,Week 45,Nov 04 - Nov 10,,,
1026,1026 - MINI CHEESECAKE ALLE FRAGOLE,Bindi,16,$54.64,$54.64,$3.42,,,,2/15/2026,Week 07,02 Feb,Q1,,Week 46,Nov 11 - Nov 17,,,
GG-7547,1032 - SICILIAN CANNOLI,Food Related,10,$34.55,$36.31,$3.46,,,,2/16/2026,Week 07,02 Feb,Q1,,Week 47,Nov 18 - Nov 24,,,
P- 1032,1032 - SICILIAN CANNOLI,Primizie,10,$36.31,$36.31,$3.63,,,,2/17/2026,Week 07,02 Feb,Q1,,Week 48,Nov 25 - Dec 01,,,
GG-7547-03/25,1032 - SICILIAN CANNOLI,Food Related,10,$36.31,$36.31,$3.63,,,,2/18/2026,Week 07,02 Feb,Q1,,Week 49,Dec 02 - Dec0 8,,,
517203,1110 - CORNETTO ALL'ALBICOCCA  (APRICOT CROISSANT),Greco,50,$53.99,$56.87,$1.08,,,,2/19/2026,Week 08,02 Feb,Q1,,Week 50,Dec 09 - Dec 15,,,
2829,1110 - CORNETTO ALL'ALBICOCCA  (APRICOT CROISSANT),IGF,50,$56.87,$56.87,$1.14,,,,2/20/2026,Week 08,02 Feb,Q1,,Week 51,Dec 16 - Dec 22,,,
511369,1136 - VEGAN CROISSANT VUOTO,Greco,48,$51.99,$56.95,$1.08,,,,2/21/2026,Week 08,02 Feb,Q1,,Week 52,Dec 23 - Dec 29,,,
GG-7556,1174 - CIABATTA TRADIZIONALE,Food Related,32,$70.57,$74.47,$2.21,,,,2/22/2026,Week 08,02 Feb,Q1,,Week 53,Dec 30 - Dec 31,,,
1222,1222 - PLAIN CROISSANT ,Bindi,50,$53.93,$53.93,$1.08,,,,2/23/2026,Week 08,02 Feb,Q1,,,,,,
GG-7430,1222 - PLAIN CROISSANT ,Food Related,50,$50.87,$53.93,$1.02,,,,2/24/2026,Week 08,02 Feb,Q1,,,,,,
RTB BINDI CROISSANT (50/cs),1222 - PLAIN CROISSANT ,French Bakery,50,$53.00,$53.93,$1.06,,,,2/25/2026,Week 08,02 Feb,Q1,,,,,,
517170,1222 - PLAIN CROISSANT ,Greco,50,$49.14,$53.93,$0.98,,,,2/26/2026,Week 09,02 Feb,Q1,,,,,,
80247,1222 - PLAIN CROISSANT ,Pointe Dairy,50,$53.93,$53.93,$1.08,,,,2/27/2026,Week 09,02 Feb,Q1,,,,,,
P-1222P,1222 - PLAIN CROISSANT ,Primizie,50,$53.93,$53.93,$1.08,,,,2/28/2026,Week 09,02 Feb,Q1,,,,,,
BIND1222,1222 - PLAIN CROISSANT ,Soft Stuff Distributors,50,$64.58,$53.93,$1.29,,,,3/1/2026,Week 09,02 Feb,Q1,,,,,,
247,1222 - PLAIN CROISSANT ,IGF,50,$53.93,$53.93,$1.08,,,,3/2/2026,Week 09,03 Mar,Q1,,,,,,
GG-7430-NEW,1222 - PLAIN CROISSANT ,Food Related,50,$57.75,$53.93,$1.16,,,,,,,,,,,,,
GG-7430-03/25,1222 - PLAIN CROISSANT ,Food Related,50,$53.93,$53.93,$1.08,,,,,,,,,,,,,
1223,1223 - CHOCOLATE CROISSANT,Bindi,48,$61.51,$61.51,$1.28,,,,3/3/2026,Week 09,03 Mar,Q1,,,,,,
GG-7429,1223 - CHOCOLATE CROISSANT,Food Related,48,$54.22,$61.51,$1.13,,,,3/4/2026,Week 09,03 Mar,Q1,,,,,,
517171,1223 - CHOCOLATE CROISSANT,Greco,48,$56.05,$61.51,$1.17,,,,3/5/2026,Week 10,03 Mar,Q1,,,,,,
80240,1223 - CHOCOLATE CROISSANT,Pointe Dairy,48,$61.51,$61.51,$1.28,,,,3/6/2026,Week 10,03 Mar,Q1,,,,,,
P- 1223P,1223 - CHOCOLATE CROISSANT,Primizie,48,$61.51,$61.51,$1.28,,,,3/7/2026,Week 10,03 Mar,Q1,,,,,,
240,1223 - CHOCOLATE CROISSANT,IGF,48,$61.51,$61.51,$1.28,,,,3/8/2026,Week 10,03 Mar,Q1,,,,,,
GG-7429-NEW,1223 - CHOCOLATE CROISSANT,Food Related,48,$69.66,$61.51,$1.45,,,,3/9/2026,Week 10,03 Mar,Q1,,,,,,
GG-7429-4/06,1223 - CHOCOLATE CROISSANT,Food Related,48,$61.51,$61.51,$1.28,,,,3/10/2026,Week 10,03 Mar,Q1,,,,,,
517013,1281 - TIRAMISÙ INDIVIDUAL,Greco,10,$40.99,$42.64,$4.10,,,,3/11/2026,Week 10,03 Mar,Q1,,,,,,
88543,1281 - TIRAMISÙ INDIVIDUAL,Pointe Dairy,10,$42.64,$42.64,$4.26,,,,3/12/2026,Week 11,03 Mar,Q1,,,,,,
P- 1281,1281 - TIRAMISÙ INDIVIDUAL,Primizie,10,$42.64,$42.64,$4.26,,,,3/13/2026,Week 11,03 Mar,Q1,,,,,,
PISTACHIO PROFITEROLES 24 PUFFS/TRAY (8/cs),1512 - PISTACHIO PROFITEROLES ,French Bakery,8,$40.00,$39.53,$5.00,,,,3/14/2026,Week 11,03 Mar,Q1,,,,,,
1529,1529 - CORNETTO BLUEBERRY & CHOCOLATE CHIPS VEGAN,Bindi,48,$67.44,$67.44,$1.41,,,,3/15/2026,Week 11,03 Mar,Q1,,,,,,
82002,2002 - WAFFLE (RETAIL PACK),Pointe Dairy,54,$73.35,$73.35,$1.36,,,,3/16/2026,Week 11,03 Mar,Q1,,,,,,
P- 2012,2012 - PINEAPPLE RIPIENO,Primizie,12,$52.30,$52.30,$4.36,,,,3/17/2026,Week 11,03 Mar,Q1,,,,,,
P- 2012,2012 - PINEAPPLE RIPIENO,Primizie,12,$52.30,$52.30,$4.36,,,,3/18/2026,Week 11,03 Mar,Q1,,,,,,
P- 2013,2013 - COCONUT RIPIENO,Primizie,12,$47.27,$47.27,$3.94,,,,3/19/2026,Week 12,03 Mar,Q1,,,,,,
2118,2118 - TIRAMISU BIG,Bindi,6,$48.76,$48.76,$8.13,,,,3/20/2026,Week 12,03 Mar,Q1,,,,,,
PP02118,2118 - TIRAMISU BIG (PC 6),Bindi,6,$24.38,$24.38,$4.06,,,,,,,,,,,,,
2179,2179 - TORTA NOCCIOLA ,Bindi,10,$39.77,$39.77,$3.98,,,,3/21/2026,Week 12,03 Mar,Q1,,,,,,
TORTA NOCCIOLA (10/cs),2179 - TORTA NOCCIOLA ,French Bakery,10,$35.50,$39.77,$3.55,,,,3/22/2026,Week 12,03 Mar,Q1,,,,,,
517250,2179 - TORTA NOCCIOLA ,Greco,10,$39.99,$39.77,$4.00,,,,3/23/2026,Week 12,03 Mar,Q1,,,,,,
82179,2179 - TORTA NOCCIOLA ,Pointe Dairy,10,$39.77,$39.77,$3.98,,,,3/24/2026,Week 12,03 Mar,Q1,,,,,,
GG-7535,2179 - TORTA NOCCIOLA ,Food Related,10,$39.09,$39.77,$3.91,,,,3/25/2026,Week 12,03 Mar,Q1,,,,,,
GG-7808,2237 - TIRAMISÙ TOASTED ALMOND WHOLE,Food Related,20,$36.17,$41.04,$1.81,,,,3/26/2026,Week 13,03 Mar,Q1,,,,,,
GG-7808-NEW,2237 - TIRAMISÙ TOASTED ALMOND WHOLE,Food Related,20,$41.50,$41.04,$2.08,,,,3/27/2026,Week 13,03 Mar,Q1,,,,,,
GG-7808-03/25,2237 - TIRAMISÙ TOASTED ALMOND WHOLE,Food Related,20,$41.04,$41.04,$2.05,,,,3/28/2026,Week 13,03 Mar,Q1,,,,,,
GG-7389,2486 - TIRAMISU BIG LADYFINGERS WHOLE,Food Related,15,$87.00,$86.01,$5.80,,,,3/29/2026,Week 13,03 Mar,Q1,,,,,,
GG-7389-03/25,2486 - TIRAMISU BIG LADYFINGERS WHOLE,Food Related,15,$99.95,$86.01,$6.66,,,,3/30/2026,Week 13,03 Mar,Q1,,,,,,
GG-7389-04/10,2486 - TIRAMISU BIG LADYFINGERS WHOLE,Food Related,15,$86.01,$86.01,$5.73,,,,3/31/2026,Week 13,03 Mar,Q1,,,,,,
GG-7544,2487 - TIRAMISU BIG LADYFINGERS PRE-CUT RETAIL BOX,Food Related,15,$40.66,$46.13,$2.71,,,,4/1/2026,Week 13,03 Mar,Q1,,,,,,
GG-7544-NEW,2487 - TIRAMISU BIG LADYFINGERS PRE-CUT RETAIL BOX,Food Related,15,$46.13,$46.13,$3.08,,,,4/2/2026,Week 14,04 Apr,Q2,,,,,,
GG-7544-NEW-2,2487 - TIRAMISU BIG LADYFINGERS PRE-CUT RETAIL BOX,Food Related,15,$44.89,$46.13,$2.99,,,,4/3/2026,Week 14,04 Apr,Q2,,,,,,
GG-7397,2596 - TIRAMISÙ CUP,Food Related,12,$39.84,$34.27,$3.32,,,,4/4/2026,Week 14,04 Apr,Q2,,,,,,
GG-7519,2596 - TIRAMISÙ CUP,Food Related,50,$46.73,$53.02,$0.93,,,,4/5/2026,Week 14,04 Apr,Q2,,,,,,
GG-7397-4/06,2596 - TIRAMISÙ CUP,Food Related,12,$34.27,$34.27,$2.86,,,,4/6/2026,Week 14,04 Apr,Q2,,,,,,
2817,2817 - TIRAMISU BIG LADYFINGERS PRE-CUT,Bindi,15,$46.13,$46.13,$3.08,,,,4/7/2026,Week 14,04 Apr,Q2,,,,,,
T&S TIRAMISU BIG LADYFINGERS (PC 15),2817 - TIRAMISU BIG LADYFINGERS PRE-CUT,French Bakery,15,$48.75,$46.13,$3.25,,,,4/8/2026,Week 14,04 Apr,Q2,,,,,,
88577,2817 - TIRAMISU BIG LADYFINGERS PRE-CUT,Pointe Dairy,15,$40.66,$46.13,$2.71,,,,4/9/2026,Week 15,04 Apr,Q2,,,,,,
T&S LIMONCELLO MASCARPONE CAKE (12 PC),2900 - LIMONCELLO MASCARPONE CAKE,French Bakery,12,,$42.20,$0.00,,,,4/10/2026,Week 15,04 Apr,Q2,,,,,,
2900,2900 - LIMONCELLO MASCARPONE CAKE,IGF,12,$42.20,$42.20,$3.52,,,,4/11/2026,Week 15,04 Apr,Q2,,,,,,
DSFZ106,2900 - LIMONCELLO MASCARPONE CAKE,Food Related,12,$43.78,$42.20,$3.65,,,,,,,,,,,,,
GG-8293,30014 - PINSA MARGHERITA,Food Related,10,$64.24,$64.24,$6.42,,,,4/12/2026,Week 15,04 Apr,Q2,,,,,,
30014,30014 - PINSA MARGHERITA,Bindi,10,$64.20,$64.24,$6.42,,,,4/13/2026,Week 15,04 Apr,Q2,,,,,,
3402106,300920 - TRUFFLE ROYALE CAKE,Pointe Dairy,14,$44.50,$40.73,$3.18,,,,4/14/2026,Week 15,04 Apr,Q2,,,,,,
300930,533 - CHOCOLATE TRUFFLE CAKE,Pointe Dairy,12,$107.52,$40.73,$8.96,,,,4/15/2026,Week 15,04 Apr,Q2,,,,,,
3012351,3012351 - CORNETTO MANDORLA (ALMOND CROISSANT),Bindi,50,$56.53,$56.53,$1.13,,,,4/16/2026,Week 16,04 Apr,Q2,,,,,,
CORNETTO MANDORLA (ALMOND CROISSANT) 50/cs,3012351 - CORNETTO MANDORLA (ALMOND CROISSANT),French Bakery,50,$55.82,$56.53,$1.12,,,,4/17/2026,Week 16,04 Apr,Q2,,,,,,
517843,3012351 - CORNETTO MANDORLA (ALMOND CROISSANT),Greco,50,$49.99,$56.53,$1.00,,,,4/18/2026,Week 16,04 Apr,Q2,,,,,,
GG-7521,3012351 - CORNETTO MANDORLA (ALMOND CROISSANT),Food Related,50,$56.53,$56.53,$1.13,,,,4/19/2026,Week 16,04 Apr,Q2,,,,,,
GG-7519-NEW,3012689 - CORNETTO RE B. GLASSATO ALBICOCCA (GLAZED APRICOT CROISSANT),Food Related,50,$53.02,$53.02,$1.06,,,,4/20/2026,Week 16,04 Apr,Q2,,,,,,
3012959,3012959 - CORNETTO RE B. PISTACCHIO (PISTACHIO CROISSANT),Bindi,40,$45.22,$45.22,$1.13,,,,4/21/2026,Week 16,04 Apr,Q2,,,,,,
GG-7520,3012959 - CORNETTO RE B. PISTACCHIO (PISTACHIO CROISSANT),Food Related,40,$39.86,$45.22,$1.00,,,,4/22/2026,Week 16,04 Apr,Q2,,,,,,
CORNETTO ReB AL PISTACCHIO (40/cs),3012959 - CORNETTO RE B. PISTACCHIO (PISTACHIO CROISSANT),French Bakery,40,$46.00,$45.22,$1.15,,,,4/23/2026,Week 17,04 Apr,Q2,,,,,,
517841,3012959 - CORNETTO RE B. PISTACCHIO (PISTACHIO CROISSANT),Greco,40,$39.99,$45.22,$1.00,,,,4/24/2026,Week 17,04 Apr,Q2,,,,,,
GG-7520-NEW,3012959 - CORNETTO RE B. PISTACCHIO (PISTACHIO CROISSANT),Food Related,40,$45.22,$45.22,$1.13,,,,4/25/2026,Week 17,04 Apr,Q2,,,,,,
831100,31100 - PISTACCHIO MUFFIN  ,Pointe Dairy,20,$33.73,$33.73,$1.69,,,,4/26/2026,Week 17,04 Apr,Q2,,,,,,
GG-7380,31101 - MUFFIN CLASSICO,Food Related,20,$33.73,$33.73,$1.69,,,,4/27/2026,Week 17,04 Apr,Q2,,,,,,
831102,31102 - MUFFIN MULTIGRAIN,Pointe Dairy,20,$33.73,$33.73,$1.69,,,,4/28/2026,Week 17,04 Apr,Q2,,,,,,
GG-7379,31103 - CACAO MUFFIN  ,Food Related,20,$39.14,$33.73,$1.96,,,,4/29/2026,Week 17,04 Apr,Q2,,,Apr,,,
831103,31103 - CACAO MUFFIN  ,Pointe Dairy,20,$33.73,$33.73,$1.69,,,,4/30/2026,Week 18,04 Apr,Q2,,30,Apr,,,
GG-7379-NEW,31103 - CACAO MUFFIN  ,Food Related,20,$41.95,$33.73,$2.10,,,,5/1/2026,Week 18,04 Apr,Q2,,1,May,,,
GG-7379-4/06,31103 - CACAO MUFFIN  ,Food Related,20,$33.73,$33.73,$1.69,,,,5/2/2026,Week 18,05 May,Q2,,2,May,,,
83149,3149 - CHOCOLATE MOUSSE GLASS,Pointe Dairy,12,$53.66,$53.66,$4.47,,,,5/3/2026,Week 18,05 May,Q2,,3,May,,,
T&S TIRAMISU ROUND (PC 12),3364 - TIRAMISU ROUND,French Bakery,12,$40.95,$41.06,$3.41,,,,5/4/2026,Week 18,05 May,Q2,,4,May,,,
2553,3364 - TIRAMISU ROUND,IGF,12,$41.06,$41.06,$3.42,,,,5/5/2026,Week 18,05 May,Q2,,5,May,,,
3371,3371 - CAPPUCCINO CAKE,Bindi,12,$42.42,$42.42,$3.54,,,,5/6/2026,Week 18,05 May,Q2,,6,May,,,
CAPPUCCINO CAKE (PC 12),3371 - CAPPUCCINO CAKE,French Bakery,12,$40.95,$42.42,$3.41,,,,5/7/2026,Week 19,05 May,Q2,,7,May,,,
P- 3371,3371 - CAPPUCCINO CAKE,Primizie,12,$42.42,$42.42,$3.54,,,,5/8/2026,Week 19,05 May,Q2,,8,May,,,
GG-7374,3371 - CAPPUCCINO CAKE,Food Related,12,$48.98,$42.42,$4.08,,,,5/9/2026,Week 19,05 May,Q2,,9,May,,,
GG-7374-4/06/26,3371 - CAPPUCCINO CAKE,Food Related,12,$42.42,$42.42,$3.54,,,,5/10/2026,Week 19,05 May,Q2,,10,May,,,
GG-7526,3663 - FRUTTI DI BOSCO (MIXED BERRY TART) PRECUT,Food Related,12,$44.09,$45.24,$3.67,,,,5/11/2026,Week 19,05 May,Q2,,11,May,,,
T&S MIXED BERRY TART (PC 12),3663 - FRUTTI DI BOSCO (MIXED BERRY TART) PRECUT,French Bakery,12,$40.95,$45.24,$3.41,,,,5/12/2026,Week 19,05 May,Q2,,12,May,,,
3663,3663 - FRUTTI DI BOSCO (MIXED BERRY TART) PRECUT,Bindi,12,$45.24,$45.24,$3.77,,,,5/13/2026,Week 19,05 May,Q2,,13,May,,,
MINI BINDI CROISSANT,600 - MINI CROISSANT,French Bakery,150,$71.76,$77.59,$0.48,,,,5/14/2026,Week 20,05 May,Q2,,14,May,,,
GG-7550,600 - MINI CROISSANT,Food Related,150,$77.59,$77.59,$0.52,,,,5/15/2026,Week 20,05 May,Q2,,15,May,,,
CARAMEL PECAN BAR (21/cs),8104 - CARAMEL PECAN BAR,French Bakery,21,$56.70,$60.29,$2.70,,,,5/16/2026,Week 20,05 May,Q2,,16,May,,,
88104,8104 - CARAMEL PECAN BAR,Pointe Dairy,21,$60.29,$60.29,$2.87,,,,5/17/2026,Week 20,05 May,Q2,,17,May,,,
CHEESECAKE BROWNIE (IND. WRAPPED) 24/cs,8109 - CHEESECAKE BROWNIE SQUARE,French Bakery,24,$54.60,$53.40,$2.28,,,,5/18/2026,Week 20,05 May,Q2,,18,May,,,
88109,8109 - CHEESECAKE BROWNIE SQUARE,Pointe Dairy,24,$53.40,$53.40,$2.23,,,,5/19/2026,Week 20,05 May,Q2,,19,May,,,
GG-7382,8519 - MINI CARROT CAKE - GF,Food Related,16,$77.07,$74.11,$4.82,,,,5/20/2026,Week 20,05 May,Q2,,20,May,,,
GG-7383,8520 - MINI RED VELVET,Food Related,16,$76.19,$74.11,$4.76,,,,5/21/2026,Week 21,05 May,Q2,,21,May,,,
GG-7384,8522 - AVOCADO CHEESECAKE,Food Related,8,$39.95,$33.75,$4.99,,,,5/22/2026,Week 21,05 May,Q2,,22,May,,,
88535,8535 - LEMON BLUEBERRY CRUMB CHEESECAKE,Pointe Dairy,16,$41.38,$41.38,$2.59,,,,5/23/2026,Week 21,05 May,Q2,,23,May,,,
GG-7528,8561 - DULCE DE LECHE CHEESECAKE,Food Related,16,$39.38,$41.38,$2.46,,,,5/24/2026,Week 21,05 May,Q2,,24,May,,,
DULCE DE LECHE CC (PC 16),8561 - DULCE DE LECHE CHEESECAKE,French Bakery,16,$40.95,$41.38,$2.56,,,,5/25/2026,Week 21,05 May,Q2,,25,May,,,
515908,8561 - DULCE DE LECHE CHEESECAKE,Greco,16,$39.99,$41.38,$2.50,,,,5/26/2026,Week 21,05 May,Q2,,26,May,,,
P- 8561,8561 - DULCE DE LECHE CHEESECAKE,Primizie,16,$41.38,$41.38,$2.59,,,,5/27/2026,Week 21,05 May,Q2,,27,May,,,
GG-7528-NEW,8561 - DULCE DE LECHE CHEESECAKE,Food Related,16,$41.38,$41.38,$2.59,,,,5/28/2026,Week 22,05 May,Q2,,28,May,,,
GG-7528-NEW-2,8561 - DULCE DE LECHE CHEESECAKE,Food Related,16,$43.58,$41.38,$2.72,,,,5/29/2026,Week 22,05 May,Q2,,29,May,,,
GG-7528-4/06,8561 - DULCE DE LECHE CHEESECAKE,Food Related,16,$41.38,$41.38,$2.59,,,,5/30/2026,Week 22,05 May,Q2,,30,May,,,
88569,8569 - TRES LECHES CAKE,Pointe Dairy,15,$33.34,$33.34,$2.22,,,,5/31/2026,Week 22,05 May,Q2,,31,May,,,
8581,8581 - PISTACHIO CHEESECAKE,Bindi,16,$42.16,$42.16,$2.64,,,,6/1/2026,Week 22,05 May,Q2,,1,Jun,,,
GG-7527,8581 - PISTACHIO CHEESECAKE,Food Related,16,$40.12,$42.16,$2.51,,,,6/2/2026,Week 22,06 Jun,Q2,,2,Jun,,,
T&S PISTACHIO CHEESECAKE (16/cs),8581 - PISTACHIO CHEESECAKE,French Bakery,16,,$42.16,$0.00,,,,6/3/2026,Week 22,06 Jun,Q2,,3,Jun,,,
515930,8581 - PISTACHIO CHEESECAKE,Greco,16,$40.99,$42.16,$2.56,,,,6/4/2026,Week 23,06 Jun,Q2,,4,Jun,,,
P- 8581,8581 - PISTACHIO CHEESECAKE,Primizie,16,$42.16,$42.16,$2.64,,,,6/5/2026,Week 23,06 Jun,Q2,,5,Jun,,,
GG-7527-NEW,8581 - PISTACHIO CHEESECAKE,Food Related,16,$42.16,$42.16,$2.64,,,,6/6/2026,Week 23,06 Jun,Q2,,6,Jun,,,
8581,8581 - PISTACHIO CHEESECAKE,IGF,16,$42.16,$42.16,$2.64,,,,6/7/2026,Week 23,06 Jun,Q2,,7,Jun,,,
GG-7527-NEW-2,8581 - PISTACHIO CHEESECAKE,Food Related,16,$44.33,$42.16,$2.77,,,,6/8/2026,Week 23,06 Jun,Q2,,8,Jun,,,
8586,8586 - RED VELVET,Bindi,14,$39.32,$39.32,$2.81,,,,6/9/2026,Week 23,06 Jun,Q2,,9,Jun,,,
GG-7525,8586 - RED VELVET,Food Related,14,$37.42,$39.32,$2.67,,,,6/10/2026,Week 23,06 Jun,Q2,,10,Jun,,,
RED VELVET CAKE (PC 14),8586 - RED VELVET,French Bakery,14,$39.00,$39.32,$2.79,,,,6/11/2026,Week 24,06 Jun,Q2,,11,Jun,,,
515932,8586 - RED VELVET,Greco,14,$37.99,$39.32,$2.71,,,,6/12/2026,Week 24,06 Jun,Q2,,12,Jun,,,
88586,8586 - RED VELVET,Pointe Dairy,14,$39.32,$39.32,$2.81,,,,6/13/2026,Week 24,06 Jun,Q2,,13,Jun,,,
P- 20407,8586 - RED VELVET,Primizie,14,$35.55,$39.32,$2.54,,,,6/14/2026,Week 24,06 Jun,Q2,,14,Jun,,,
GG-7525-NEW,8586 - RED VELVET,Food Related,14,$39.32,$39.32,$2.81,,,,6/15/2026,Week 24,06 Jun,Q2,,15,Jun,,,
8586,8586 - RED VELVET,IGF,14,$39.32,$39.32,$2.81,,,,6/16/2026,Week 24,06 Jun,Q2,,16,Jun,,,
GG-7525-NEW-2,8586 - RED VELVET,Food Related,14,$41.57,$39.32,$2.97,,,,6/17/2026,Week 24,06 Jun,Q2,,17,Jun,,,
GG-7517,9001 - CHOCOLATE ECLAIR ,Food Related,14,$25.11,$28.49,$1.79,,,,6/18/2026,Week 25,06 Jun,Q2,,18,Jun,,,
T&S CHOCOLATE ECLAIR (14/cs),9001 - CHOCOLATE ECLAIR ,French Bakery,14,$39.20,$28.49,$2.80,,,,6/19/2026,Week 25,06 Jun,Q2,,19,Jun,,,
518100,9001 - CHOCOLATE ECLAIR ,Greco,14,$29.99,$28.49,$2.14,,,,6/20/2026,Week 25,06 Jun,Q2,,20,Jun,,,
518100 - 3/30,9001 - CHOCOLATE ECLAIR ,Greco,14,$29.74,$28.49,$2.14,,,,,,,,,,,,,
P- 9001,9001 - CHOCOLATE ECLAIR ,Primizie,14,$28.49,$28.49,$2.04,,,,6/21/2026,Week 25,06 Jun,Q2,,21,Jun,,,
107001,9001 - CHOCOLATE ECLAIR ,IGF,14,$28.49,$28.49,$2.04,,,,6/22/2026,Week 25,06 Jun,Q2,,22,Jun,,,
GG-7517-NEW,9001 - CHOCOLATE ECLAIR ,Food Related,14,$28.49,$28.49,$2.04,,,,6/23/2026,Week 25,06 Jun,Q2,,23,Jun,,,
GG-7517-NEW-2,9001 - CHOCOLATE ECLAIR ,Food Related,14,$28.83,$28.49,$2.06,,,,6/24/2026,Week 25,06 Jun,Q2,,24,Jun,,,
9001,9001 - CHOCOLATE ECLAIR ,Bindi,14,$28.49,$28.49,$2.04,,,,6/25/2026,Week 26,06 Jun,Q2,,25,Jun,,,
GG-7516,9002 - VANILLA ECLAIR,Food Related,14,$25.11,$28.49,$1.79,,,,6/26/2026,Week 26,06 Jun,Q2,,26,Jun,,,
T&S VANILLAECLAIR (14/cs),9002 - VANILLA ECLAIR,French Bakery,14,$39.20,$28.49,$2.80,,,,6/27/2026,Week 26,06 Jun,Q2,,27,Jun,,,
518101,9002 - VANILLA ECLAIR,Greco,14,$29.49,$28.49,$2.11,,,,6/28/2026,Week 26,06 Jun,Q2,,28,Jun,,,
P- 9002,9002 - VANILLA ECLAIR,Primizie,14,$28.49,$28.49,$2.04,,,,6/29/2026,Week 26,06 Jun,Q2,,29,Jun,,,
GG-7516-NEW,9002 - VANILLA ECLAIR,Food Related,14,$28.49,$28.49,$2.04,,,,6/30/2026,Week 26,06 Jun,Q2,,30,Jun,,,
GG-7516-NEW-2,9002 - VANILLA ECLAIR,Food Related,14,$28.83,$28.49,$2.06,,,,7/1/2026,Week 26,06 Jun,Q2,,1,Jul,,,
9002,9002 - VANILLA ECLAIR,Bindi,14,$28.49,$28.49,$2.04,,,,7/2/2026,Week 27,07 Jul,Q3,,2,Jul,,,
GG-7518,9003 - COFFEE ECLAIR,Food Related,14,$28.83,$28.49,$2.06,,,,7/3/2026,Week 27,07 Jul,Q3,,3,Jul,,,
T&S COFFEE ECLAIR (14/cs),9003 - COFFEE ECLAIR,French Bakery,14,$39.20,$28.49,$2.80,,,,7/4/2026,Week 27,07 Jul,Q3,,4,Jul,,,
P- 9003,9003 - COFFEE ECLAIR,Primizie,14,$28.49,$28.49,$2.04,,,,7/5/2026,Week 27,07 Jul,Q3,,5,Jul,,,
107003,9003 - COFFEE ECLAIR,IGF,14,$28.49,$28.49,$2.04,,,,7/6/2026,Week 27,07 Jul,Q3,,6,Jul,,,
GG-7546,9100 - MACARON FRENCH COLLECTION,Food Related,144,$153.50,$161.27,$1.07,,,,7/7/2026,Week 27,07 Jul,Q3,,7,Jul,,,
MACARON FRENCH COLLECTION (144/cs),9100 - MACARON FRENCH COLLECTION,French Bakery,144,$157.50,$161.27,$1.09,,,,7/8/2026,Week 27,07 Jul,Q3,,8,Jul,,,
517216,9100 - MACARON FRENCH COLLECTION,Greco,144,$136.99,$161.27,$0.95,,,,7/9/2026,Week 28,07 Jul,Q3,,9,Jul,,,
P- 9100,9100 - MACARON FRENCH COLLECTION,Primizie,144,$161.27,$161.27,$1.12,,,,7/10/2026,Week 28,07 Jul,Q3,,10,Jul,,,
82554,BIN 13330cake SELVA NERA 12SL,Pointe Dairy,12,$48.54,N/A,$4.05,,,,7/11/2026,Week 28,07 Jul,Q3,,11,Jul,,,
520878,31101 - MUFFIN CLASSICO,Greco,20,$32.99,$33.73,$1.65,,,,7/12/2026,Week 28,07 Jul,Q3,,12,Jul,,,
520879,31103 - CACAO MUFFIN  ,Greco,20,$32.99,$33.73,$1.65,,,,7/13/2026,Week 28,07 Jul,Q3,,13,Jul,,,
520881,31100 - PISTACCHIO MUFFIN  ,Greco,20,$32.99,$33.73,$1.65,,,,7/14/2026,Week 28,07 Jul,Q3,,14,Jul,,,
43003,1644 - MARITOZZO 90GR*12P,Greco,12,$39.99,$41.58,$3.33,,,,7/15/2026,Week 28,07 Jul,Q3,,15,Jul,,,
509520,3402009 - FOCACCIA EVOO,Greco,5,$44.99,"$53,70",$9.00,,,,7/16/2026,Week 29,07 Jul,Q3,,16,Jul,,,
600,600 - MINI CROISSANT,Bindi,150,$77.59,$77.59,$0.52,,,,7/17/2026,Week 20,05 May,Q2,,17,May,,,
602,0602 - MINI PAIN AU CHOCOLAT ,Bindi,150,$86.70,$86.70,$0.58,,,,7/18/2026,Week 06,02 Feb,Q1,,Week 40,Sep 30 - Oct 06,,,
40893830,30014 - PINSA MARGHERITA,Greco,10,$60.60,$64.24,$6.42,,,,4/13/2026,Week 15,04 Apr,Q2,,,,,,
517017,0043P - CHOCOLATE GANACHE CHEESECAKE,Greco,16,$39.99,$42.22,$2.50,,,,4/14/2026,Week 29,07 Jul,Q3,,14,Jul,,,
517032,3663 - FRUTTI DI BOSCO (MIXED BERRY TART) PRECUT,Greco,12,$42.99,$45.24,$3.58,,,,4/15/2026,Week 29,07 Jul,Q3,,15,Jul,,,
517045,0040P - CHOCOLATE FONDANT ,Greco,16,$45.99,$48.97,$2.87,,,,4/17/2026,Week 30,07 Jul,Q3,,17,Jul,,,
517223,600 - MINI CROISSANT,Greco,150,$77.59,$77.59,$0.52,,,,4/16/2026,Week 29,07 Jul,Q3,,16,Jul,,,
517252,8535 - LEMON BLUEBERRY CRUMB CHEESECAKE,Greco,16,$39.99,$41.38,$2.50,,,,4/18/2026,Week 30,07 Jul,Q3,,18,Jul,,,
517280,3371 - CAPPUCCINO CAKE,Greco,12,$40.99,$42.42,$3.42,,,,4/19/2026,Week 30,07 Jul,Q3,,19,Jul,,,
518106,9003 - COFFEE ECLAIR,Greco,14,$29.49,$28.49,$2.11,,,,4/20/2026,Week 30,07 Jul,Q3,,20,Jul,,,
518100 - 3/31,9001 - CHOCOLATE ECLAIR ,Greco,14,$29.82,$28.49,$2.14,,,,,,,,,,,,,
GG-7905,30012 - Pinsa Round Flatbread,Food Related,12,$55.95,$47.44,$4.66,,,,12/31/1899,Week 30,07 Jul,Q3,,31,Jul,,,
GG-8294,"30008 - Pinsa - Single Portion - 8"" x 6""",Food Related,40,$81.39,$81.39,$2.03,,,,1/1/1900,Week 30,07 Jul,Q3,,1,Jul,,,
,,,,,,#DIV/0!,,,,1/2/1900,Week 31,07 Jul,Q3,,2,Jul,,,
,,,,,,#DIV/0!,,,,1/3/1900,Week 31,07 Jul,Q3,,3,Jul,,,
,,,,,,#DIV/0!,,,,1/4/1900,Week 31,07 Jul,Q3,,4,Aug,,,
,,,,,,#DIV/0!,,,,1/5/1900,Week 31,08 Aug,Q3,,5,Aug,,,
,,,,,,#DIV/0!,,,,1/6/1900,Week 31,08 Aug,Q3,,6,Aug,,,
,,,,,,#DIV/0!,,,,1/7/1900,Week 31,08 Aug,Q3,,7,Aug,,,
,,,,,,#DIV/0!,,,,1/8/1900,Week 31,08 Aug,Q3,,8,Aug,,,
,,,,,,#DIV/0!,,,,1/9/1900,Week 32,08 Aug,Q3,,9,Aug,,,
,,,,,,#DIV/0!,,,,1/10/1900,Week 32,08 Aug,Q3,,10,Aug,,,
,,,,,,#DIV/0!,,,,1/11/1900,Week 32,08 Aug,Q3,,11,Aug,,,
,,,,,,#DIV/0!,,,,1/12/1900,Week 32,08 Aug,Q3,,12,Aug,,,
,,,,,,#DIV/0!,,,,1/13/1900,Week 32,08 Aug,Q3,,13,Aug,,,
,,,,,,#DIV/0!,,,,1/14/1900,Week 32,08 Aug,Q3,,14,Aug,,,
,,,,,,#DIV/0!,,,,1/15/1900,Week 32,08 Aug,Q3,,15,Aug,,,
,,,,,,#DIV/0!,,,,1/16/1900,Week 33,08 Aug,Q3,,16,Aug,,,
,,,,,,#DIV/0!,,,,1/17/1900,Week 33,08 Aug,Q3,,17,Aug,,,
,,,,,,#DIV/0!,,,,1/18/1900,Week 33,08 Aug,Q3,,18,Aug,,,
,,,,,,#DIV/0!,,,,1/19/1900,Week 33,08 Aug,Q3,,19,Aug,,,
,,,,,,#DIV/0!,,,,1/20/1900,Week 33,08 Aug,Q3,,20,Aug,,,
,,,,,,#DIV/0!,,,,1/21/1900,Week 33,08 Aug,Q3,,21,Aug,,,
,,,,,,#DIV/0!,,,,1/22/1900,Week 33,08 Aug,Q3,,22,Aug,,,
,,,,,,#DIV/0!,,,,1/23/1900,Week 34,08 Aug,Q3,,23,Aug,,,
,,,,,,#DIV/0!,,,,1/24/1900,Week 34,08 Aug,Q3,,24,Aug,,,
,,,,,,#DIV/0!,,,,1/25/1900,Week 34,08 Aug,Q3,,25,Aug,,,
,,,,,,#DIV/0!,,,,1/26/1900,Week 34,08 Aug,Q3,,26,Aug,,,
,,,,,,#DIV/0!,,,,1/27/1900,Week 34,08 Aug,Q3,,27,Aug,,,
,,,,,,#DIV/0!,,,,1/28/1900,Week 34,08 Aug,Q3,,28,Aug,,,
,,,,,,#DIV/0!,,,,1/29/1900,Week 34,08 Aug,Q3,,29,Aug,,,
,,,,,,#DIV/0!,,,,1/30/1900,Week 35,08 Aug,Q3,,30,Aug,,,
,,,,,,#DIV/0!,,,,1/31/1900,Week 35,08 Aug,Q3,,31,Aug,,,
,,,,,,#DIV/0!,,,,2/1/1900,Week 35,08 Aug,Q3,,1,Aug,,,
,,,,,,#DIV/0!,,,,2/2/1900,Week 35,08 Aug,Q3,,2,Aug,,,
,,,,,,#DIV/0!,,,,2/3/1900,Week 35,08 Aug,Q3,,3,Aug,,,
,,,,,,#DIV/0!,,,,2/4/1900,Week 35,08 Aug,Q3,,4,Sep,,,
,,,,,,#DIV/0!,,,,2/5/1900,Week 35,09 Sep,Q3,,5,Sep,,,
,,,,,,#DIV/0!,,,,2/6/1900,Week 36,09 Sep,Q3,,6,Sep,,,
,,,,,,#DIV/0!,,,,2/7/1900,Week 36,09 Sep,Q3,,7,Sep,,,
,,,,,,#DIV/0!,,,,2/8/1900,Week 36,09 Sep,Q3,,8,Sep,,,
,,,,,,#DIV/0!,,,,2/9/1900,Week 36,09 Sep,Q3,,9,Sep,,,
,,,,,,#DIV/0!,,,,2/10/1900,Week 36,09 Sep,Q3,,10,Sep,,,
,,,,,,#DIV/0!,,,,2/11/1900,Week 36,09 Sep,Q3,,11,Sep,,,
,,,,,,#DIV/0!,,,,2/12/1900,Week 36,09 Sep,Q3,,12,Sep,,,
,,,,,,#DIV/0!,,,,2/13/1900,Week 37,09 Sep,Q3,,13,Sep,,,
,,,,,,#DIV/0!,,,,2/14/1900,Week 37,09 Sep,Q3,,14,Sep,,,
,,,,,,#DIV/0!,,,,2/15/1900,Week 37,09 Sep,Q3,,15,Sep,,,
,,,,,,#DIV/0!,,,,2/16/1900,Week 37,09 Sep,Q3,,16,Sep,,,
,,,,,,#DIV/0!,,,,2/17/1900,Week 37,09 Sep,Q3,,17,Sep,,,
,,,,,,#DIV/0!,,,,2/18/1900,Week 37,09 Sep,Q3,,18,Sep,,,
,,,,,,#DIV/0!,,,,2/19/1900,Week 37,09 Sep,Q3,,19,Sep,,,
,,,,,,#DIV/0!,,,,2/20/1900,Week 38,09 Sep,Q3,,20,Sep,,,
,,,,,,#DIV/0!,,,,2/21/1900,Week 38,09 Sep,Q3,,21,Sep,,,
,,,,,,#DIV/0!,,,,2/22/1900,Week 38,09 Sep,Q3,,22,Sep,,,
,,,,,,#DIV/0!,,,,2/23/1900,Week 38,09 Sep,Q3,,23,Sep,,,
,,,,,,#DIV/0!,,,,2/24/1900,Week 38,09 Sep,Q3,,24,Sep,,,
,,,,,,#DIV/0!,,,,2/25/1900,Week 38,09 Sep,Q3,,25,Sep,,,
,,,,,,#DIV/0!,,,,2/26/1900,Week 38,09 Sep,Q3,,26,Sep,,,
,,,,,,#DIV/0!,,,,2/27/1900,Week 39,09 Sep,Q3,,27,Sep,,,
,,,,,,#DIV/0!,,,,2/28/1900,Week 39,09 Sep,Q3,,28,Sep,,,
,,,,,,#DIV/0!,,,,3/1/1900,Week 39,09 Sep,Q3,,1,Sep,,,
,,,,,,#DIV/0!,,,,3/2/1900,Week 39,09 Sep,Q3,,2,Sep,,,
,,,,,,#DIV/0!,,,,3/3/1900,Week 39,09 Sep,Q3,,3,Sep,,,
,,,,,,#DIV/0!,,,,3/4/1900,Week 39,09 Sep,Q3,,4,Sep,,,
,,,,,,#DIV/0!,,,,3/5/1900,Week 39,09 Sep,Q3,,5,Sep,,,
,,,,,,#DIV/0!,,,,3/6/1900,Week 40,09 Sep,Q3,,6,Oct,,,
,,,,,,#DIV/0!,,,,3/7/1900,Week 40,10 Oct,Q4,,7,Oct,,,
,,,,,,#DIV/0!,,,,3/8/1900,Week 40,10 Oct,Q4,,8,Oct,,,
,,,,,,#DIV/0!,,,,3/9/1900,Week 40,10 Oct,Q4,,9,Oct,,,
,,,,,,#DIV/0!,,,,3/10/1900,Week 40,10 Oct,Q4,,10,Oct,,,
,,,,,,#DIV/0!,,,,3/11/1900,Week 40,10 Oct,Q4,,11,Oct,,,
,,,,,,#DIV/0!,,,,3/12/1900,Week 40,10 Oct,Q4,,12,Oct,,,
,,,,,,#DIV/0!,,,,3/13/1900,Week 41,10 Oct,Q4,,13,Oct,,,
,,,,,,#DIV/0!,,,,3/14/1900,Week 41,10 Oct,Q4,,14,Oct,,,
,,,,,,#DIV/0!,,,,3/15/1900,Week 41,10 Oct,Q4,,15,Oct,,,
,,,,,,#DIV/0!,,,,3/16/1900,Week 41,10 Oct,Q4,,16,Oct,,,
,,,,,,#DIV/0!,,,,3/17/1900,Week 41,10 Oct,Q4,,17,Oct,,,
,,,,,,#DIV/0!,,,,3/18/1900,Week 41,10 Oct,Q4,,18,Oct,,,
,,,,,,#DIV/0!,,,,3/19/1900,Week 41,10 Oct,Q4,,19,Oct,,,
,,,,,,#DIV/0!,,,,3/20/1900,Week 42,10 Oct,Q4,,20,Oct,,,
,,,,,,#DIV/0!,,,,3/21/1900,Week 42,10 Oct,Q4,,21,Oct,,,
,,,,,,#DIV/0!,,,,3/22/1900,Week 42,10 Oct,Q4,,22,Oct,,,
,,,,,,#DIV/0!,,,,3/23/1900,Week 42,10 Oct,Q4,,23,Oct,,,
,,,,,,#DIV/0!,,,,3/24/1900,Week 42,10 Oct,Q4,,24,Oct,,,
,,,,,,#DIV/0!,,,,3/25/1900,Week 42,10 Oct,Q4,,25,Oct,,,
,,,,,,#DIV/0!,,,,3/26/1900,Week 42,10 Oct,Q4,,26,Oct,,,
,,,,,,#DIV/0!,,,,3/27/1900,Week 43,10 Oct,Q4,,27,Oct,,,
,,,,,,#DIV/0!,,,,3/28/1900,Week 43,10 Oct,Q4,,28,Oct,,,
,,,,,,#DIV/0!,,,,3/29/1900,Week 43,10 Oct,Q4,,29,Oct,,,
,,,,,,#DIV/0!,,,,3/30/1900,Week 43,10 Oct,Q4,,30,Oct,,,
,,,,,,#DIV/0!,,,,3/31/1900,Week 43,10 Oct,Q4,,31,Oct,,,
,,,,,,#DIV/0!,,,,4/1/1900,Week 43,10 Oct,Q4,,1,Oct,,,
,,,,,,#DIV/0!,,,,4/2/1900,Week 43,10 Oct,Q4,,2,Oct,,,
,,,,,,#DIV/0!,,,,4/3/1900,Week 44,10 Oct,Q4,,3,Oct,,,
,,,,,,#DIV/0!,,,,4/4/1900,Week 44,10 Oct,Q4,,4,Oct,,,
,,,,,,#DIV/0!,,,,4/5/1900,Week 44,10 Oct,Q4,,5,Oct,,,
,,,,,,#DIV/0!,,,,4/6/1900,Week 44,10 Oct,Q4,,6,Nov,,,
,,,,,,#DIV/0!,,,,4/7/1900,Week 44,11 Nov,Q4,,7,Nov,,,
,,,,,,#DIV/0!,,,,4/8/1900,Week 44,11 Nov,Q4,,8,Nov,,,
,,,,,,#DIV/0!,,,,4/9/1900,Week 44,11 Nov,Q4,,9,Nov,,,
,,,,,,#DIV/0!,,,,4/10/1900,Week 45,11 Nov,Q4,,10,Nov,,,
,,,,,,#DIV/0!,,,,4/11/1900,Week 45,11 Nov,Q4,,11,Nov,,,
,,,,,,#DIV/0!,,,,4/12/1900,Week 45,11 Nov,Q4,,12,Nov,,,
,,,,,,#DIV/0!,,,,4/13/1900,Week 45,11 Nov,Q4,,13,Nov,,,
,,,,,,#DIV/0!,,,,4/14/1900,Week 45,11 Nov,Q4,,14,Nov,,,
,,,,,,#DIV/0!,,,,4/15/1900,Week 45,11 Nov,Q4,,15,Nov,,,
,,,,,,#DIV/0!,,,,4/16/1900,Week 45,11 Nov,Q4,,16,Nov,,,
,,,,,,#DIV/0!,,,,4/17/1900,Week 46,11 Nov,Q4,,17,Nov,,,
,,,,,,#DIV/0!,,,,4/18/1900,Week 46,11 Nov,Q4,,18,Nov,,,
,,,,,,#DIV/0!,,,,4/19/1900,Week 46,11 Nov,Q4,,19,Nov,,,
,,,,,,#DIV/0!,,,,4/20/1900,Week 46,11 Nov,Q4,,20,Nov,,,
,,,,,,#DIV/0!,,,,4/21/1900,Week 46,11 Nov,Q4,,21,Nov,,,
,,,,,,#DIV/0!,,,,4/22/1900,Week 46,11 Nov,Q4,,22,Nov,,,
,,,,,,#DIV/0!,,,,4/23/1900,Week 46,11 Nov,Q4,,23,Nov,,,
,,,,,,#DIV/0!,,,,4/24/1900,Week 47,11 Nov,Q4,,24,Nov,,,
,,,,,,#DIV/0!,,,,4/25/1900,Week 47,11 Nov,Q4,,25,Nov,,,
,,,,,,#DIV/0!,,,,4/26/1900,Week 47,11 Nov,Q4,,26,Nov,,,
,,,,,,#DIV/0!,,,,4/27/1900,Week 47,11 Nov,Q4,,27,Nov,,,
,,,,,,#DIV/0!,,,,4/28/1900,Week 47,11 Nov,Q4,,28,Nov,,,
,,,,,,#DIV/0!,,,,4/29/1900,Week 47,11 Nov,Q4,,29,Nov,,,
,,,,,,#DIV/0!,,,,4/30/1900,Week 47,11 Nov,Q4,,30,Nov,,,
,,,,,,#DIV/0!,,,,5/1/1900,Week 48,11 Nov,Q4,,1,Nov,,,
,,,,,,#DIV/0!,,,,5/2/1900,Week 48,11 Nov,Q4,,2,Nov,,,
,,,,,,#DIV/0!,,,,5/3/1900,Week 48,11 Nov,Q4,,3,Nov,,,
,,,,,,#DIV/0!,,,,5/4/1900,Week 48,11 Nov,Q4,,4,Nov,,,
,,,,,,#DIV/0!,,,,5/5/1900,Week 48,11 Nov,Q4,,5,Nov,,,
,,,,,,#DIV/0!,,,,5/6/1900,Week 48,11 Nov,Q4,,6,Dec,,,
,,,,,,#DIV/0!,,,,5/7/1900,Week 48,12 Dec,Q4,,7,Dec,,,
,,,,,,#DIV/0!,,,,5/8/1900,Week 49,12 Dec,Q4,,8,Dec,,,
,,,,,,#DIV/0!,,,,5/9/1900,Week 49,12 Dec,Q4,,9,Dec,,,
,,,,,,#DIV/0!,,,,5/10/1900,Week 49,12 Dec,Q4,,10,Dec,,,
,,,,,,#DIV/0!,,,,5/11/1900,Week 49,12 Dec,Q4,,11,Dec,,,
,,,,,,#DIV/0!,,,,5/12/1900,Week 49,12 Dec,Q4,,12,Dec,,,
,,,,,,#DIV/0!,,,,5/13/1900,Week 49,12 Dec,Q4,,13,Dec,,,
,,,,,,#DIV/0!,,,,5/14/1900,Week 49,12 Dec,Q4,,14,Dec,,,
,,,,,,#DIV/0!,,,,5/15/1900,Week 50,12 Dec,Q4,,15,Dec,,,
,,,,,,#DIV/0!,,,,5/16/1900,Week 50,12 Dec,Q4,,16,Dec,,,
,,,,,,#DIV/0!,,,,5/17/1900,Week 50,12 Dec,Q4,,17,Dec,,,
,,,,,,#DIV/0!,,,,5/18/1900,Week 50,12 Dec,Q4,,18,Dec,,,
,,,,,,#DIV/0!,,,,5/19/1900,Week 50,12 Dec,Q4,,19,Dec,,,
,,,,,,#DIV/0!,,,,5/20/1900,Week 50,12 Dec,Q4,,20,Dec,,,
,,,,,,#DIV/0!,,,,5/21/1900,Week 50,12 Dec,Q4,,21,Dec,,,
,,,,,,#DIV/0!,,,,5/22/1900,Week 51,12 Dec,Q4,,22,Dec,,,
,,,,,,#DIV/0!,,,,5/23/1900,Week 51,12 Dec,Q4,,23,Dec,,,
,,,,,,#DIV/0!,,,,5/24/1900,Week 51,12 Dec,Q4,,24,Dec,,,
,,,,,,#DIV/0!,,,,5/25/1900,Week 51,12 Dec,Q4,,25,Dec,,,
,,,,,,#DIV/0!,,,,5/26/1900,Week 51,12 Dec,Q4,,26,Dec,,,
,,,,,,#DIV/0!,,,,5/27/1900,Week 51,12 Dec,Q4,,27,Dec,,,
,,,,,,#DIV/0!,,,,5/28/1900,Week 51,12 Dec,Q4,,28,Dec,,,
,,,,,,#DIV/0!,,,,5/29/1900,Week 52,12 Dec,Q4,,29,Dec,,,
,,,,,,#DIV/0!,,,,5/30/1900,Week 52,12 Dec,Q4,,30,Dec,,,
,,,,,,#DIV/0!,,,,5/31/1900,Week 52,12 Dec,Q4,,31,Dec,,,
,,,,,,#DIV/0!,,,,6/1/1900,Week 52,12 Dec,Q4,,1,Dec,,,
,,,,,,#DIV/0!,,,,6/2/1900,Week 52,12 Dec,Q4,,2,Dec,,,
,,,,,,#DIV/0!,,,,6/3/1900,Week 52,12 Dec,Q4,,3,Dec,,,
,,,,,,#DIV/0!,,,,6/4/1900,Week 52,12 Dec,Q4,,4,Dec,,,
,,,,,,#DIV/0!,,,,6/5/1900,Week 53,12 Dec,Q4,,5,Dec,,,
,,,,,,#DIV/0!,,,,6/6/1900,Week 53,12 Dec,Q4,,6,,,,
,,,,,,#DIV/0!,,,,,,,,,,,,,
,,,,,,#DIV/0!,,,,,,,,,,,,,
,,,,,,#DIV/0!,,,,,,,,,,,,,
,,,,,,#DIV/0!,,,,,,,,,,,,,
,,,,,,#DIV/0!,,,,,,,,,,,,,
,,,,,,#DIV/0!,,,,,,,,,,,,,
,,,,,,#DIV/0!,,,,,,,,,,,,,
,,,,,,#DIV/0!,,,,,,,,,,,,,
,,,,,,#DIV/0!,,,,,,,,,,,,,
,,,,,,#DIV/0!,,,,,,,,,,,,,
,,,,,,#DIV/0!,,,,,,,,,,,,,
,,,,,,#DIV/0!,,,,,,,,,,,,,
,,,,,,#DIV/0!,,,,,,,,,,,,,
,,,,,,#DIV/0!,,,,,,,,,,,,,
,,,,,,#DIV/0!,,,,,,,,,,,,,
,,,,,,#DIV/0!,,,,,,,,,,,,,
,,,,,,#DIV/0!,,,,,,,,,,,,,
,,,,,,#DIV/0!,,,,,,,,,,,,,
,,,,,,#DIV/0!,,,,,,,,,,,,,
,,,,,,#DIV/0!,,,,,,,,,,,,,
,,,,,,#DIV/0!,,,,,,,,,,,,,
,,,,,,#DIV/0!,,,,,,,,,,,,,
,,,,,,#DIV/0!,,,,,,,,,,,,,
,,,,,,#DIV/0!,,,,,,,,,,,,,
,,,,,,#DIV/0!,,,,,,,,,,,,,
,,,,,,#DIV/0!,,,,,,,,,,,,,
,,,,,,#DIV/0!,,,,,,,,,,,,,
,,,,,,#DIV/0!,,,,,,,,,,,,,
,,,,,,#DIV/0!,,,,,,,,,,,,,
,,,,,,#DIV/0!,,,,,,,,,,,,,
,,,,,,#DIV/0!,,,,,,,,,,,,,
,,,,,,#DIV/0!,,,,,,,,,,,,,
,,,,,,#DIV/0!,,,,,,,,,,,,,
,,,,,,#DIV/0!,,,,,,,,,,,,,
,,,,,,#DIV/0!,,,,,,,,,,,,,
,,,,,,#DIV/0!,,,,,,,,,,,,,
,,,,,,#DIV/0!,,,,,,,,,,,,,
,,,,,,#DIV/0!,,,,,,,,,,,,,
,,,,,,#DIV/0!,,,,,,,,,,,,,
,,,,,,#DIV/0!,,,,,,,,,,,,,
,,,,,,#DIV/0!,,,,,,,,,,,,,
,,,,,,#DIV/0!,,,,,,,,,,,,,
,,,,,,#DIV/0!,,,,,,,,,,,,,
,,,,,,#DIV/0!,,,,,,,,,,,,,
,,,,,,#DIV/0!,,,,,,,,,,,,,
,,,,,,#DIV/0!,,,,,,,,,,,,,
,,,,,,#DIV/0!,,,,,,,,,,,,,
,,,,,,#DIV/0!,,,,,,,,,,,,,
,,,,,,#DIV/0!,,,,,,,,,,,,,
,,,,,,#DIV/0!,,,,,,,,,,,,,
,,,,,,#DIV/0!,,,,,,,,,,,,,
,,,,,,#DIV/0!,,,,,,,,,,,,,
,,,,,,#DIV/0!,,,,,,,,,,,,,
,,,,,,#DIV/0!,,,,,,,,,,,,,
,,,,,,#DIV/0!,,,,,,,,,,,,,
,,,,,,#DIV/0!,,,,,,,,,,,,,
,,,,,,#DIV/0!,,,,,,,,,,,,,
,,,,,,#DIV/0!,,,,,,,,,,,,,
,,,,,,#DIV/0!,,,,,,,,,,,,,
,,,,,,#DIV/0!,,,,,,,,,,,,,
,,,,,,#DIV/0!,,,,,,,,,,,,,
,,,,,,#DIV/0!,,,,,,,,,,,,,
,,,,,,#DIV/0!,,,,,,,,,,,,,
,,,,,,#DIV/0!,,,,,,,,,,,,,
,,,,,,#DIV/0!,,,,,,,,,,,,,
,,,,,,#DIV/0!,,,,,,,,,,,,,
,,,,,,#DIV/0!,,,,,,,,,,,,,
,,,,,,#DIV/0!,,,,,,,,,,,,,
,,,,,,#DIV/0!,,,,,,,,,,,,,
,,,,,,#DIV/0!,,,,,,,,,,,,,
,,,,,,#DIV/0!,,,,,,,,,,,,,
,,,,,,#DIV/0!,,,,,,,,,,,,,
,,,,,,#DIV/0!,,,,,,,,,,,,,
,,,,,,#DIV/0!,,,,,,,,,,,,,
,,,,,,#DIV/0!,,,,,,,,,,,,,
,,,,,,#DIV/0!,,,,,,,,,,,,,
,,,,,,#DIV/0!,,,,,,,,,,,,,
,,,,,,#DIV/0!,,,,,,,,,,,,,
,,,,,,#DIV/0!,,,,,,,,,,,,,
,,,,,,#DIV/0!,,,,,,,,,,,,,
,,,,,,#DIV/0!,,,,,,,,,,,,,
,,,,,,#DIV/0!,,,,,,,,,,,,,
,,,,,,#DIV/0!,,,,,,,,,,,,,
,,,,,,#DIV/0!,,,,,,,,,,,,,
,,,,,,#DIV/0!,,,,,,,,,,,,,
,,,,,,#DIV/0!,,,,,,,,,,,,,
,,,,,,#DIV/0!,,,,,,,,,,,,,
,,,,,,#DIV/0!,,,,,,,,,,,,,
,,,,,,#DIV/0!,,,,,,,,,,,,,
,,,,,,#DIV/0!,,,,,,,,,,,,,
,,,,,,#DIV/0!,,,,,,,,,,,,,
,,,,,,#DIV/0!,,,,,,,,,,,,,
,,,,,,#DIV/0!,,,,,,,,,,,,,
,,,,,,#DIV/0!,,,,,,,,,,,,,
,,,,,,#DIV/0!,,,,,,,,,,,,,
,,,,,,#DIV/0!,,,,,,,,,,,,,
,,,,,,#DIV/0!,,,,,,,,,,,,,
,,,,,,#DIV/0!,,,,,,,,,,,,,
,,,,,,#DIV/0!,,,,,,,,,,,,,
,,,,,,#DIV/0!,,,,,,,,,,,,,
,,,,,,#DIV/0!,,,,,,,,,,,,,
,,,,,,#DIV/0!,,,,,,,,,,,,,
,,,,,,#DIV/0!,,,,,,,,,,,,,
,,,,,,#DIV/0!,,,,,,,,,,,,,
,,,,,,#DIV/0!,,,,,,,,,,,,,
,,,,,,#DIV/0!,,,,,,,,,,,,,
,,,,,,#DIV/0!,,,,,,,,,,,,,
,,,,,,#DIV/0!,,,,,,,,,,,,,
,,,,,,#DIV/0!,,,,,,,,,,,,,
,,,,,,#DIV/0!,,,,,,,,,,,,,
,,,,,,#DIV/0!,,,,,,,,,,,,,
,,,,,,#DIV/0!,,,,,,,,,,,,,
,,,,,,#DIV/0!,,,,,,,,,,,,,
,,,,,,#DIV/0!,,,,,,,,,,,,,
,,,,,,#DIV/0!,,,,,,,,,,,,,
,,,,,,#DIV/0!,,,,,,,,,,,,,
,,,,,,#DIV/0!,,,,,,,,,,,,,
,,,,,,#DIV/0!,,,,,,,,,,,,,
,,,,,,#DIV/0!,,,,,,,,,,,,,
,,,,,,#DIV/0!,,,,,,,,,,,,,
,,,,,,#DIV/0!,,,,,,,,,,,,,
,,,,,,#DIV/0!,,,,,,,,,,,,,
,,,,,,#DIV/0!,,,,,,,,,,,,,
,,,,,,#DIV/0!,,,,,,,,,,,,,
,,,,,,#DIV/0!,,,,,,,,,,,,,
,,,,,,#DIV/0!,,,,,,,,,,,,,
,,,,,,#DIV/0!,,,,,,,,,,,,,
,,,,,,#DIV/0!,,,,,,,,,,,,,
,,,,,,#DIV/0!,,,,,,,,,,,,,
,,,,,,#DIV/0!,,,,,,,,,,,,,
,,,,,,#DIV/0!,,,,,,,,,,,,,
,,,,,,#DIV/0!,,,,,,,,,,,,,
,,,,,,#DIV/0!,,,,,,,,,,,,,
,,,,,,#DIV/0!,,,,,,,,,,,,,
,,,,,,#DIV/0!,,,,,,,,,,,,,
,,,,,,#DIV/0!,,,,,,,,,,,,,
,,,,,,#DIV/0!,,,,,,,,,,,,,
,,,,,,#DIV/0!,,,,,,,,,,,,,
,,,,,,#DIV/0!,,,,,,,,,,,,,
,,,,,,#DIV/0!,,,,,,,,,,,,,
,,,,,,#DIV/0!,,,,,,,,,,,,,
,,,,,,#DIV/0!,,,,,,,,,,,,,
,,,,,,#DIV/0!,,,,,,,,,,,,,
,,,,,,#DIV/0!,,,,,,,,,,,,,
,,,,,,#DIV/0!,,,,,,,,,,,,,
,,,,,,#DIV/0!,,,,,,,,,,,,,
,,,,,,#DIV/0!,,,,,,,,,,,,,
,,,,,,#DIV/0!,,,,,,,,,,,,,
,,,,,,#DIV/0!,,,,,,,,,,,,,
,,,,,,#DIV/0!,,,,,,,,,,,,,
,,,,,,#DIV/0!,,,,,,,,,,,,,
,,,,,,#DIV/0!,,,,,,,,,,,,,
,,,,,,#DIV/0!,,,,,,,,,,,,,
,,,,,,#DIV/0!,,,,,,,,,,,,,
,,,,,,#DIV/0!,,,,,,,,,,,,,
,,,,,,#DIV/0!,,,,,,,,,,,,,
,,,,,,#DIV/0!,,,,,,,,,,,,,
,,,,,,#DIV/0!,,,,,,,,,,,,,
,,,,,,#DIV/0!,,,,,,,,,,,,,
,,,,,,#DIV/0!,,,,,,,,,,,,,
,,,,,,#DIV/0!,,,,,,,,,,,,,
,,,,,,#DIV/0!,,,,,,,,,,,,,
,,,,,,#DIV/0!,,,,,,,,,,,,,
,,,,,,#DIV/0!,,,,,,,,,,,,,
,,,,,,#DIV/0!,,,,,,,,,,,,,
,,,,,,#DIV/0!,,,,,,,,,,,,,
,,,,,,#DIV/0!,,,,,,,,,,,,,
,,,,,,#DIV/0!,,,,,,,,,,,,,
,,,,,,#DIV/0!,,,,,,,,,,,,,
,,,,,,#DIV/0!,,,,,,,,,,,,,
,,,,,,#DIV/0!,,,,,,,,,,,,,
,,,,,,#DIV/0!,,,,,,,,,,,,,
,,,,,,#DIV/0!,,,,,,,,,,,,,
,,,,,,#DIV/0!,,,,,,,,,,,,,
,,,,,,#DIV/0!,,,,,,,,,,,,,
,,,,,,#DIV/0!,,,,,,,,,,,,,
,,,,,,#DIV/0!,,,,,,,,,,,,,
,,,,,,#DIV/0!,,,,,,,,,,,,,
,,,,,,#DIV/0!,,,,,,,,,,,,,
,,,,,,#DIV/0!,,,,,,,,,,,,,
,,,,,,#DIV/0!,,,,,,,,,,,,,
,,,,,,#DIV/0!,,,,,,,,,,,,,
,,,,,,#DIV/0!,,,,,,,,,,,,,
,,,,,,#DIV/0!,,,,,,,,,,,,,
,,,,,,#DIV/0!,,,,,,,,,,,,,
,,,,,,#DIV/0!,,,,,,,,,,,,,
,,,,,,#DIV/0!,,,,,,,,,,,,,
,,,,,,#DIV/0!,,,,,,,,,,,,,
,,,,,,#DIV/0!,,,,,,,,,,,,,
,,,,,,#DIV/0!,,,,,,,,,,,,,
,,,,,,#DIV/0!,,,,,,,,,,,,,
,,,,,,#DIV/0!,,,,,,,,,,,,,
,,,,,,#DIV/0!,,,,,,,,,,,,,
,,,,,,#DIV/0!,,,,,,,,,,,,,
,,,,,,#DIV/0!,,,,,,,,,,,,,
,,,,,,#DIV/0!,,,,,,,,,,,,,
,,,,,,#DIV/0!,,,,,,,,,,,,,
,,,,,,#DIV/0!,,,,,,,,,,,,,
,,,,,,#DIV/0!,,,,,,,,,,,,,
,,,,,,#DIV/0!,,,,,,,,,,,,,
,,,,,,#DIV/0!,,,,,,,,,,,,,
,,,,,,#DIV/0!,,,,,,,,,,,,,
,,,,,,#DIV/0!,,,,,,,,,,,,,
,,,,,,#DIV/0!,,,,,,,,,,,,,
,,,,,,#DIV/0!,,,,,,,,,,,,,
,,,,,,#DIV/0!,,,,,,,,,,,,,
,,,,,,#DIV/0!,,,,,,,,,,,,,
,,,,,,#DIV/0!,,,,,,,,,,,,,
,,,,,,#DIV/0!,,,,,,,,,,,,,
,,,,,,#DIV/0!,,,,,,,,,,,,,
,,,,,,#DIV/0!,,,,,,,,,,,,,
,,,,,,#DIV/0!,,,,,,,,,,,,,
,,,,,,#DIV/0!,,,,,,,,,,,,,
,,,,,,#DIV/0!,,,,,,,,,,,,,
,,,,,,#DIV/0!,,,,,,,,,,,,,
,,,,,,#DIV/0!,,,,,,,,,,,,,
,,,,,,#DIV/0!,,,,,,,,,,,,,
,,,,,,#DIV/0!,,,,,,,,,,,,,
,,,,,,#DIV/0!,,,,,,,,,,,,,
,,,,,,#DIV/0!,,,,,,,,,,,,,
,,,,,,#DIV/0!,,,,,,,,,,,,,
,,,,,,#DIV/0!,,,,,,,,,,,,,
,,,,,,#DIV/0!,,,,,,,,,,,,,
,,,,,,#DIV/0!,,,,,,,,,,,,,
,,,,,,#DIV/0!,,,,,,,,,,,,,
,,,,,,#DIV/0!,,,,,,,,,,,,,
,,,,,,#DIV/0!,,,,,,,,,,,,,
,,,,,,#DIV/0!,,,,,,,,,,,,,
,,,,,,#DIV/0!,,,,,,,,,,,,,
,,,,,,#DIV/0!,,,,,,,,,,,,,
,,,,,,#DIV/0!,,,,,,,,,,,,,
,,,,,,#DIV/0!,,,,,,,,,,,,,
,,,,,,#DIV/0!,,,,,,,,,,,,,
,,,,,,#DIV/0!,,,,,,,,,,,,,
,,,,,,#DIV/0!,,,,,,,,,,,,,
,,,,,,#DIV/0!,,,,,,,,,,,,,
,,,,,,#DIV/0!,,,,,,,,,,,,,
,,,,,,#DIV/0!,,,,,,,,,,,,,
,,,,,,#DIV/0!,,,,,,,,,,,,,
,,,,,,#DIV/0!,,,,,,,,,,,,,
,,,,,,#DIV/0!,,,,,,,,,,,,,
,,,,,,#DIV/0!,,,,,,,,,,,,,
,,,,,,#DIV/0!,,,,,,,,,,,,,
,,,,,,#DIV/0!,,,,,,,,,,,,,
,,,,,,#DIV/0!,,,,,,,,,,,,,
,,,,,,#DIV/0!,,,,,,,,,,,,,
,,,,,,#DIV/0!,,,,,,,,,,,,,
,,,,,,#DIV/0!,,,,,,,,,,,,,
,,,,,,#DIV/0!,,,,,,,,,,,,,
,,,,,,#DIV/0!,,,,,,,,,,,,,
,,,,,,#DIV/0!,,,,,,,,,,,,,
,,,,,,#DIV/0!,,,,,,,,,,,,,
,,,,,,#DIV/0!,,,,,,,,,,,,,
,,,,,,#DIV/0!,,,,,,,,,,,,,
,,,,,,#DIV/0!,,,,,,,,,,,,,
,,,,,,#DIV/0!,,,,,,,,,,,,,
,,,,,,#DIV/0!,,,,,,,,,,,,,
,,,,,,#DIV/0!,,,,,,,,,,,,,
,,,,,,#DIV/0!,,,,,,,,,,,,,
,,,,,,#DIV/0!,,,,,,,,,,,,,
,,,,,,#DIV/0!,,,,,,,,,,,,,
,,,,,,#DIV/0!,,,,,,,,,,,,,
,,,,,,#DIV/0!,,,,,,,,,,,,,
,,,,,,#DIV/0!,,,,,,,,,,,,,
,,,,,,#DIV/0!,,,,,,,,,,,,,
,,,,,,#DIV/0!,,,,,,,,,,,,,
,,,,,,#DIV/0!,,,,,,,,,,,,,
,,,,,,#DIV/0!,,,,,,,,,,,,,
,,,,,,#DIV/0!,,,,,,,,,,,,,
,,,,,,#DIV/0!,,,,,,,,,,,,,
,,,,,,#DIV/0!,,,,,,,,,,,,,
,,,,,,#DIV/0!,,,,,,,,,,,,,
,,,,,,#DIV/0!,,,,,,,,,,,,,
,,,,,,#DIV/0!,,,,,,,,,,,,,
,,,,,,#DIV/0!,,,,,,,,,,,,,
,,,,,,#DIV/0!,,,,,,,,,,,,,
,,,,,,#DIV/0!,,,,,,,,,,,,,
,,,,,,#DIV/0!,,,,,,,,,,,,,
,,,,,,#DIV/0!,,,,,,,,,,,,,
,,,,,,#DIV/0!,,,,,,,,,,,,,
,,,,,,#DIV/0!,,,,,,,,,,,,,
,,,,,,#DIV/0!,,,,,,,,,,,,,
,,,,,,#DIV/0!,,,,,,,,,,,,,
,,,,,,#DIV/0!,,,,,,,,,,,,,
,,,,,,#DIV/0!,,,,,,,,,,,,,
,,,,,,#DIV/0!,,,,,,,,,,,,,
,,,,,,#DIV/0!,,,,,,,,,,,,,
,,,,,,#DIV/0!,,,,,,,,,,,,,
,,,,,,#DIV/0!,,,,,,,,,,,,,
,,,,,,#DIV/0!,,,,,,,,,,,,,
,,,,,,#DIV/0!,,,,,,,,,,,,,
,,,,,,#DIV/0!,,,,,,,,,,,,,
,,,,,,#DIV/0!,,,,,,,,,,,,,
,,,,,,#DIV/0!,,,,,,,,,,,,,
,,,,,,#DIV/0!,,,,,,,,,,,,,
,,,,,,#DIV/0!,,,,,,,,,,,,,
,,,,,,#DIV/0!,,,,,,,,,,,,,
,,,,,,#DIV/0!,,,,,,,,,,,,,
,,,,,,#DIV/0!,,,,,,,,,,,,,
,,,,,,#DIV/0!,,,,,,,,,,,,,
,,,,,,#DIV/0!,,,,,,,,,,,,,
,,,,,,#DIV/0!,,,,,,,,,,,,,
,,,,,,#DIV/0!,,,,,,,,,,,,,
,,,,,,#DIV/0!,,,,,,,,,,,,,
,,,,,,#DIV/0!,,,,,,,,,,,,,
,,,,,,#DIV/0!,,,,,,,,,,,,,
,,,,,,#DIV/0!,,,,,,,,,,,,,
,,,,,,#DIV/0!,,,,,,,,,,,,,
,,,,,,#DIV/0!,,,,,,,,,,,,,
,,,,,,#DIV/0!,,,,,,,,,,,,,
,,,,,,#DIV/0!,,,,,,,,,,,,,
,,,,,,#DIV/0!,,,,,,,,,,,,,
,,,,,,#DIV/0!,,,,,,,,,,,,,
,,,,,,#DIV/0!,,,,,,,,,,,,,
,,,,,,#DIV/0!,,,,,,,,,,,,,
,,,,,,#DIV/0!,,,,,,,,,,,,,
,,,,,,#DIV/0!,,,,,,,,,,,,,
,,,,,,#DIV/0!,,,,,,,,,,,,,
,,,,,,#DIV/0!,,,,,,,,,,,,,
,,,,,,#DIV/0!,,,,,,,,,,,,,
,,,,,,#DIV/0!,,,,,,,,,,,,,
,,,,,,#DIV/0!,,,,,,,,,,,,,
,,,,,,#DIV/0!,,,,,,,,,,,,,
,,,,,,#DIV/0!,,,,,,,,,,,,,
,,,,,,#DIV/0!,,,,,,,,,,,,,
,,,,,,#DIV/0!,,,,,,,,,,,,,
,,,,,,#DIV/0!,,,,,,,,,,,,,
,,,,,,#DIV/0!,,,,,,,,,,,,,
,,,,,,#DIV/0!,,,,,,,,,,,,,
,,,,,,#DIV/0!,,,,,,,,,,,,,
,,,,,,#DIV/0!,,,,,,,,,,,,,
,,,,,,#DIV/0!,,,,,,,,,,,,,
,,,,,,#DIV/0!,,,,,,,,,,,,,
,,,,,,#DIV/0!,,,,,,,,,,,,,
,,,,,,#DIV/0!,,,,,,,,,,,,,
,,,,,,#DIV/0!,,,,,,,,,,,,,
,,,,,,#DIV/0!,,,,,,,,,,,,,
,,,,,,#DIV/0!,,,,,,,,,,,,,
,,,,,,#DIV/0!,,,,,,,,,,,,,
,,,,,,#DIV/0!,,,,,,,,,,,,,
,,,,,,#DIV/0!,,,,,,,,,,,,,
,,,,,,#DIV/0!,,,,,,,,,,,,,
,,,,,,#DIV/0!,,,,,,,,,,,,,
,,,,,,#DIV/0!,,,,,,,,,,,,,
,,,,,,#DIV/0!,,,,,,,,,,,,,
,,,,,,#DIV/0!,,,,,,,,,,,,,
,,,,,,#DIV/0!,,,,,,,,,,,,,
,,,,,,#DIV/0!,,,,,,,,,,,,,
,,,,,,#DIV/0!,,,,,,,,,,,,,
,,,,,,#DIV/0!,,,,,,,,,,,,,
,,,,,,#DIV/0!,,,,,,,,,,,,,
,,,,,,#DIV/0!,,,,,,,,,,,,,
,,,,,,#DIV/0!,,,,,,,,,,,,,
,,,,,,#DIV/0!,,,,,,,,,,,,,
,,,,,,#DIV/0!,,,,,,,,,,,,,
,,,,,,#DIV/0!,,,,,,,,,,,,,
,,,,,,#DIV/0!,,,,,,,,,,,,,
,,,,,,#DIV/0!,,,,,,,,,,,,,
,,,,,,#DIV/0!,,,,,,,,,,,,,
,,,,,,#DIV/0!,,,,,,,,,,,,,
,,,,,,#DIV/0!,,,,,,,,,,,,,
,,,,,,#DIV/0!,,,,,,,,,,,,,
,,,,,,#DIV/0!,,,,,,,,,,,,,
,,,,,,#DIV/0!,,,,,,,,,,,,,
,,,,,,#DIV/0!,,,,,,,,,,,,,
,,,,,,#DIV/0!,,,,,,,,,,,,,
,,,,,,#DIV/0!,,,,,,,,,,,,,
,,,,,,#DIV/0!,,,,,,,,,,,,,
,,,,,,#DIV/0!,,,,,,,,,,,,,
,,,,,,#DIV/0!,,,,,,,,,,,,,
,,,,,,#DIV/0!,,,,,,,,,,,,,
,,,,,,#DIV/0!,,,,,,,,,,,,,
,,,,,,#DIV/0!,,,,,,,,,,,,,
,,,,,,#DIV/0!,,,,,,,,,,,,,
,,,,,,#DIV/0!,,,,,,,,,,,,,
,,,,,,#DIV/0!,,,,,,,,,,,,,
,,,,,,#DIV/0!,,,,,,,,,,,,,
,,,,,,#DIV/0!,,,,,,,,,,,,,
,,,,,,#DIV/0!,,,,,,,,,,,,,
,,,,,,#DIV/0!,,,,,,,,,,,,,
,,,,,,#DIV/0!,,,,,,,,,,,,,
,,,,,,#DIV/0!,,,,,,,,,,,,,
,,,,,,#DIV/0!,,,,,,,,,,,,,
,,,,,,#DIV/0!,,,,,,,,,,,,,
,,,,,,#DIV/0!,,,,,,,,,,,,,
,,,,,,#DIV/0!,,,,,,,,,,,,,
,,,,,,#DIV/0!,,,,,,,,,,,,,
,,,,,,#DIV/0!,,,,,,,,,,,,,
,,,,,,#DIV/0!,,,,,,,,,,,,,
,,,,,,#DIV/0!,,,,,,,,,,,,,
,,,,,,#DIV/0!,,,,,,,,,,,,,
,,,,,,#DIV/0!,,,,,,,,,,,,,
,,,,,,#DIV/0!,,,,,,,,,,,,,
,,,,,,#DIV/0!,,,,,,,,,,,,,
,,,,,,#DIV/0!,,,,,,,,,,,,,
,,,,,,#DIV/0!,,,,,,,,,,,,,
,,,,,,#DIV/0!,,,,,,,,,,,,,
,,,,,,#DIV/0!,,,,,,,,,,,,,
,,,,,,#DIV/0!,,,,,,,,,,,,,
,,,,,,#DIV/0!,,,,,,,,,,,,,
,,,,,,#DIV/0!,,,,,,,,,,,,,
,,,,,,#DIV/0!,,,,,,,,,,,,,
,,,,,,#DIV/0!,,,,,,,,,,,,,
,,,,,,#DIV/0!,,,,,,,,,,,,,
,,,,,,#DIV/0!,,,,,,,,,,,,,
,,,,,,#DIV/0!,,,,,,,,,,,,,
,,,,,,#DIV/0!,,,,,,,,,,,,,
,,,,,,#DIV/0!,,,,,,,,,,,,,
,,,,,,#DIV/0!,,,,,,,,,,,,,
,,,,,,#DIV/0!,,,,,,,,,,,,,
,,,,,,#DIV/0!,,,,,,,,,,,,,
,,,,,,#DIV/0!,,,,,,,,,,,,,
,,,,,,#DIV/0!,,,,,,,,,,,,,
,,,,,,#DIV/0!,,,,,,,,,,,,,
,,,,,,#DIV/0!,,,,,,,,,,,,,
,,,,,,#DIV/0!,,,,,,,,,,,,,
,,,,,,#DIV/0!,,,,,,,,,,,,,
,,,,,,#DIV/0!,,,,,,,,,,,,,
,,,,,,#DIV/0!,,,,,,,,,,,,,
,,,,,,#DIV/0!,,,,,,,,,,,,,
,,,,,,#DIV/0!,,,,,,,,,,,,,
,,,,,,#DIV/0!,,,,,,,,,,,,,
,,,,,,#DIV/0!,,,,,,,,,,,,,
,,,,,,#DIV/0!,,,,,,,,,,,,,
,,,,,,#DIV/0!,,,,,,,,,,,,,
,,,,,,#DIV/0!,,,,,,,,,,,,,
,,,,,,#DIV/0!,,,,,,,,,,,,,
,,,,,,#DIV/0!,,,,,,,,,,,,,
,,,,,,#DIV/0!,,,,,,,,,,,,,
,,,,,,#DIV/0!,,,,,,,,,,,,,
,,,,,,#DIV/0!,,,,,,,,,,,,,
,,,,,,#DIV/0!,,,,,,,,,,,,,
,,,,,,#DIV/0!,,,,,,,,,,,,,
,,,,,,#DIV/0!,,,,,,,,,,,,,
,,,,,,#DIV/0!,,,,,,,,,,,,,
,,,,,,#DIV/0!,,,,,,,,,,,,,
,,,,,,#DIV/0!,,,,,,,,,,,,,
,,,,,,#DIV/0!,,,,,,,,,,,,,
,,,,,,#DIV/0!,,,,,,,,,,,,,
,,,,,,#DIV/0!,,,,,,,,,,,,,
,,,,,,#DIV/0!,,,,,,,,,,,,,
,,,,,,#DIV/0!,,,,,,,,,,,,,
,,,,,,#DIV/0!,,,,,,,,,,,,,
,,,,,,#DIV/0!,,,,,,,,,,,,,
,,,,,,#DIV/0!,,,,,,,,,,,,,
,,,,,,#DIV/0!,,,,,,,,,,,,,
,,,,,,#DIV/0!,,,,,,,,,,,,,
,,,,,,#DIV/0!,,,,,,,,,,,,,
,,,,,,#DIV/0!,,,,,,,,,,,,,
,,,,,,#DIV/0!,,,,,,,,,,,,,
,,,,,,#DIV/0!,,,,,,,,,,,,,
,,,,,,#DIV/0!,,,,,,,,,,,,,
,,,,,,#DIV/0!,,,,,,,,,,,,,
,,,,,,#DIV/0!,,,,,,,,,,,,,
,,,,,,#DIV/0!,,,,,,,,,,,,,
,,,,,,#DIV/0!,,,,,,,,,,,,,
,,,,,,#DIV/0!,,,,,,,,,,,,,
,,,,,,#DIV/0!,,,,,,,,,,,,,
,,,,,,#DIV/0!,,,,,,,,,,,,,
,,,,,,#DIV/0!,,,,,,,,,,,,,
,,,,,,#DIV/0!,,,,,,,,,,,,,
,,,,,,#DIV/0!,,,,,,,,,,,,,
,,,,,,#DIV/0!,,,,,,,,,,,,,
,,,,,,#DIV/0!,,,,,,,,,,,,,
,,,,,,#DIV/0!,,,,,,,,,,,,,
,,,,,,#DIV/0!,,,,,,,,,,,,,
,,,,,,#DIV/0!,,,,,,,,,,,,,
,,,,,,#DIV/0!,,,,,,,,,,,,,
,,,,,,#DIV/0!,,,,,,,,,,,,,
,,,,,,#DIV/0!,,,,,,,,,,,,,
,,,,,,#DIV/0!,,,,,,,,,,,,,
,,,,,,#DIV/0!,,,,,,,,,,,,,
,,,,,,#DIV/0!,,,,,,,,,,,,,
,,,,,,#DIV/0!,,,,,,,,,,,,,
,,,,,,#DIV/0!,,,,,,,,,,,,,
,,,,,,#DIV/0!,,,,,,,,,,,,,
,,,,,,#DIV/0!,,,,,,,,,,,,,
,,,,,,#DIV/0!,,,,,,,,,,,,,
,,,,,,#DIV/0!,,,,,,,,,,,,,
,,,,,,#DIV/0!,,,,,,,,,,,,,
,,,,,,#DIV/0!,,,,,,,,,,,,,
,,,,,,#DIV/0!,,,,,,,,,,,,,
,,,,,,#DIV/0!,,,,,,,,,,,,,
,,,,,,#DIV/0!,,,,,,,,,,,,,
,,,,,,#DIV/0!,,,,,,,,,,,,,
,,,,,,#DIV/0!,,,,,,,,,,,,,
,,,,,,#DIV/0!,,,,,,,,,,,,,
,,,,,,#DIV/0!,,,,,,,,,,,,,
,,,,,,#DIV/0!,,,,,,,,,,,,,
,,,,,,#DIV/0!,,,,,,,,,,,,,
,,,,,,#DIV/0!,,,,,,,,,,,,,
,,,,,,#DIV/0!,,,,,,,,,,,,,
,,,,,,#DIV/0!,,,,,,,,,,,,,
,,,,,,#DIV/0!,,,,,,,,,,,,,
,,,,,,#DIV/0!,,,,,,,,,,,,,
,,,,,,#DIV/0!,,,,,,,,,,,,,
,,,,,,#DIV/0!,,,,,,,,,,,,,
,,,,,,#DIV/0!,,,,,,,,,,,,,
,,,,,,#DIV/0!,,,,,,,,,,,,,
,,,,,,#DIV/0!,,,,,,,,,,,,,
,,,,,,#DIV/0!,,,,,,,,,,,,,
,,,,,,#DIV/0!,,,,,,,,,,,,,
,,,,,,#DIV/0!,,,,,,,,,,,,,
,,,,,,#DIV/0!,,,,,,,,,,,,,
,,,,,,#DIV/0!,,,,,,,,,,,,,
,,,,,,#DIV/0!,,,,,,,,,,,,,
,,,,,,#DIV/0!,,,,,,,,,,,,,
,,,,,,#DIV/0!,,,,,,,,,,,,,
,,,,,,#DIV/0!,,,,,,,,,,,,,
,,,,,,#DIV/0!,,,,,,,,,,,,,
,,,,,,#DIV/0!,,,,,,,,,,,,,
,,,,,,#DIV/0!,,,,,,,,,,,,,
,,,,,,#DIV/0!,,,,,,,,,,,,,
,,,,,,#DIV/0!,,,,,,,,,,,,,
,,,,,,#DIV/0!,,,,,,,,,,,,,
,,,,,,#DIV/0!,,,,,,,,,,,,,
,,,,,,#DIV/0!,,,,,,,,,,,,,
,,,,,,#DIV/0!,,,,,,,,,,,,,
,,,,,,#DIV/0!,,,,,,,,,,,,,
,,,,,,#DIV/0!,,,,,,,,,,,,,
,,,,,,#DIV/0!,,,,,,,,,,,,,
,,,,,,#DIV/0!,,,,,,,,,,,,,
,,,,,,#DIV/0!,,,,,,,,,,,,,
,,,,,,#DIV/0!,,,,,,,,,,,,,
,,,,,,#DIV/0!,,,,,,,,,,,,,
,,,,,,#DIV/0!,,,,,,,,,,,,,
,,,,,,#DIV/0!,,,,,,,,,,,,,
,,,,,,#DIV/0!,,,,,,,,,,,,,
,,,,,,#DIV/0!,,,,,,,,,,,,,
,,,,,,#DIV/0!,,,,,,,,,,,,,
,,,,,,#DIV/0!,,,,,,,,,,,,,
,,,,,,#DIV/0!,,,,,,,,,,,,,
,,,,,,#DIV/0!,,,,,,,,,,,,,
,,,,,,#DIV/0!,,,,,,,,,,,,,
,,,,,,#DIV/0!,,,,,,,,,,,,,
,,,,,,#DIV/0!,,,,,,,,,,,,,
,,,,,,#DIV/0!,,,,,,,,,,,,,
,,,,,,#DIV/0!,,,,,,,,,,,,,
,,,,,,#DIV/0!,,,,,,,,,,,,,
,,,,,,#DIV/0!,,,,,,,,,,,,,
,,,,,,#DIV/0!,,,,,,,,,,,,,
,,,,,,#DIV/0!,,,,,,,,,,,,,
,,,,,,#DIV/0!,,,,,,,,,,,,,
,,,,,,#DIV/0!,,,,,,,,,,,,,
,,,,,,#DIV/0!,,,,,,,,,,,,,
,,,,,,#DIV/0!,,,,,,,,,,,,,
,,,,,,#DIV/0!,,,,,,,,,,,,,
,,,,,,#DIV/0!,,,,,,,,,,,,,
,,,,,,#DIV/0!,,,,,,,,,,,,,
,,,,,,#DIV/0!,,,,,,,,,,,,,
,,,,,,#DIV/0!,,,,,,,,,,,,,
,,,,,,#DIV/0!,,,,,,,,,,,,,
,,,,,,#DIV/0!,,,,,,,,,,,,,
,,,,,,#DIV/0!,,,,,,,,,,,,,
,,,,,,#DIV/0!,,,,,,,,,,,,,
,,,,,,#DIV/0!,,,,,,,,,,,,,
,,,,,,#DIV/0!,,,,,,,,,,,,,
,,,,,,#DIV/0!,,,,,,,,,,,,,
,,,,,,#DIV/0!,,,,,,,,,,,,,
,,,,,,#DIV/0!,,,,,,,,,,,,,
,,,,,,#DIV/0!,,,,,,,,,,,,,
,,,,,,#DIV/0!,,,,,,,,,,,,,
,,,,,,#DIV/0!,,,,,,,,,,,,,
,,,,,,#DIV/0!,,,,,,,,,,,,,
,,,,,,#DIV/0!,,,,,,,,,,,,,
,,,,,,#DIV/0!,,,,,,,,,,,,,
,,,,,,#DIV/0!,,,,,,,,,,,,,
,,,,,,#DIV/0!,,,,,,,,,,,,,
,,,,,,#DIV/0!,,,,,,,,,,,,,
,,,,,,#DIV/0!,,,,,,,,,,,,,
,,,,,,#DIV/0!,,,,,,,,,,,,,
,,,,,,#DIV/0!,,,,,,,,,,,,,
,,,,,,#DIV/0!,,,,,,,,,,,,,
,,,,,,#DIV/0!,,,,,,,,,,,,,
,,,,,,#DIV/0!,,,,,,,,,,,,,
,,,,,,#DIV/0!,,,,,,,,,,,,,
,,,,,,#DIV/0!,,,,,,,,,,,,,
,,,,,,#DIV/0!,,,,,,,,,,,,,
,,,,,,#DIV/0!,,,,,,,,,,,,,
,,,,,,#DIV/0!,,,,,,,,,,,,,
,,,,,,#DIV/0!,,,,,,,,,,,,,
,,,,,,#DIV/0!,,,,,,,,,,,,,
,,,,,,#DIV/0!,,,,,,,,,,,,,
,,,,,,#DIV/0!,,,,,,,,,,,,,
,,,,,,#DIV/0!,,,,,,,,,,,,,
,,,,,,#DIV/0!,,,,,,,,,,,,,
,,,,,,#DIV/0!,,,,,,,,,,,,,
,,,,,,#DIV/0!,,,,,,,,,,,,,
,,,,,,#DIV/0!,,,,,,,,,,,,,
,,,,,,#DIV/0!,,,,,,,,,,,,,
,,,,,,#DIV/0!,,,,,,,,,,,,,
,,,,,,#DIV/0!,,,,,,,,,,,,,
,,,,,,#DIV/0!,,,,,,,,,,,,,
,,,,,,#DIV/0!,,,,,,,,,,,,,
,,,,,,#DIV/0!,,,,,,,,,,,,,
,,,,,,#DIV/0!,,,,,,,,,,,,,
,,,,,,#DIV/0!,,,,,,,,,,,,,
,,,,,,#DIV/0!,,,,,,,,,,,,,
,,,,,,#DIV/0!,,,,,,,,,,,,,
,,,,,,#DIV/0!,,,,,,,,,,,,,
,,,,,,#DIV/0!,,,,,,,,,,,,,
,,,,,,#DIV/0!,,,,,,,,,,,,,
,,,,,,#DIV/0!,,,,,,,,,,,,,
,,,,,,#DIV/0!,,,,,,,,,,,,,
,,,,,,#DIV/0!,,,,,,,,,,,,,
,,,,,,#DIV/0!,,,,,,,,,,,,,
,,,,,,#DIV/0!,,,,,,,,,,,,,
,,,,,,#DIV/0!,,,,,,,,,,,,,
,,,,,,#DIV/0!,,,,,,,,,,,,,
,,,,,,#DIV/0!,,,,,,,,,,,,,
,,,,,,#DIV/0!,,,,,,,,,,,,,
,,,,,,#DIV/0!,,,,,,,,,,,,,
,,,,,,#DIV/0!,,,,,,,,,,,,,
,,,,,,#DIV/0!,,,,,,,,,,,,,
,,,,,,#DIV/0!,,,,,,,,,,,,,
,,,,,,#DIV/0!,,,,,,,,,,,,,
,,,,,,#DIV/0!,,,,,,,,,,,,,
,,,,,,#DIV/0!,,,,,,,,,,,,,
,,,,,,#DIV/0!,,,,,,,,,,,,,
,,,,,,#DIV/0!,,,,,,,,,,,,,
,,,,,,#DIV/0!,,,,,,,,,,,,,
,,,,,,#DIV/0!,,,,,,,,,,,,,
,,,,,,#DIV/0!,,,,,,,,,,,,,
,,,,,,#DIV/0!,,,,,,,,,,,,,
,,,,,,#DIV/0!,,,,,,,,,,,,,
,,,,,,#DIV/0!,,,,,,,,,,,,,
,,,,,,#DIV/0!,,,,,,,,,,,,,
,,,,,,#DIV/0!,,,,,,,,,,,,,
,,,,,,#DIV/0!,,,,,,,,,,,,,
,,,,,,#DIV/0!,,,,,,,,,,,,,
,,,,,,#DIV/0!,,,,,,,,,,,,,
,,,,,,#DIV/0!,,,,,,,,,,,,,
,,,,,,#DIV/0!,,,,,,,,,,,,,